country_name,country_code,macroregion,subregion,income_classification_2017,population_millions,cost_energy,cost_nutrition,cost_healthy,percent_poverty_energy,percent_poverty_nutrition,percent_poverty_healthy,percent_food_energy,percent_food_nutrition,percent_food_healthy,percent_unafford_energy,percent_unafford_nutrition,percent_unafford_healthy,num_unafford_energy,num_unafford_nutrition,num_unafford_healthy,100_percent_unafford_energy,100_percent_unafford_nutrition,100_percent_unafford_healthy,100_num_unafford_energy,100_num_unafford_nutrition,100_num_unafford_healthy,mean_percent_unafford_energy,mean_percent_unafford_nutrition,mean_percent_unafford_healthy,mean_num_unafford_energy,mean_num_unafford_nutrition,mean_num_unafford_healthy,98_cost_nutrition,cost_flex,cost_pesc,cost_veg,cost_vgn,,,,,,,,
Aruba,ABW,Americas,Latin America and the Caribbean,High-income,0.1,1.1,2.8,4,94%,237%,331%,24%,60%,84%,NA,NA,NA,NA,NA,NA,NA,NA,NA,NA,NA,NA,NA,NA,NA,NA,NA,NA,3.2,3.6,3.7,3.6,3.6,,,,,,,,
Angola,AGO,Africa,Sub-Saharan Africa,Lower-middle,29.8,1.4,3.2,4.6,117%,270%,383%,31%,73%,103%,48.10%,81.70%,90.50%,14.3,24.3,27,29.10%,64.70%,78.00%,8.7,19.3,23.3,65.90%,91.50%,96.20%,19.6,27.3,28.7,4,4.2,4.3,4.2,4.1,,,,,,,,
Anguilla,AIA,,,,0,1.3,2.4,4.5,109%,203%,377%,20%,38%,70%,NA,NA,NA,NA,NA,NA,NA,NA,NA,NA,NA,NA,NA,NA,NA,NA,NA,NA,2.8,4,4.2,4,3.9,,,,,,,,
Albania,ALB,Europe,Southern Europe,Upper-middle,2.9,0.8,2.6,4.3,63%,216%,358%,8%,28%,46%,0.00%,14.60%,42.00%,0,0.4,1.2,0.00%,3.00%,16.10%,0,0.1,0.5,3.50%,61.50%,86.10%,0.1,1.8,2.5,3,4.2,4.4,3.9,3.7,,,,,,,,
United Arab Emirates,ARE,Asia,Western Asia,High-income,9.5,0.7,1.8,3.4,62%,151%,285%,10%,24%,46%,NA,NA,NA,NA,NA,NA,NA,NA,NA,NA,NA,NA,NA,NA,NA,NA,NA,NA,2.2,3.1,3.1,3,2.8,,,,,,,,
Argentina,ARG,Americas,Latin America and the Caribbean,High-income,44,0.7,2.6,3.5,54%,219%,292%,8%,31%,41%,0.20%,4.60%,8.60%,0.1,2,3.8,0.10%,1.80%,3.20%,0.1,0.8,1.4,5.20%,50.90%,65.10%,2.3,22.4,28.7,3.2,4.7,5.3,4.4,4.4,,,,,,,,
Armenia,ARM,Asia,Western Asia,Upper-middle,2.9,1,2.2,3.6,85%,184%,297%,9%,19%,31%,0.20%,8.30%,36.60%,0,0.2,1.1,0.00%,1.20%,8.90%,0,0,0.3,9.50%,63.90%,88.30%,0.3,1.9,2.6,2.6,3.3,3.2,3.1,3,,,,,,,,
Antigua and Barbuda,ATG,Americas,Latin America and the Caribbean,High-income,0.1,0.9,3,4.5,78%,252%,372%,17%,56%,83%,NA,NA,NA,NA,NA,NA,NA,NA,NA,NA,NA,NA,NA,NA,NA,NA,NA,NA,3.5,4.5,4.8,4.6,4.7,,,,,,,,
Australia,AUS,Oceania,Australia and New Zealand,High-income,24.6,0.3,1.6,2.3,26%,136%,190%,5%,24%,33%,0.20%,0.50%,0.70%,0.1,0.1,0.2,0.20%,0.50%,0.50%,0.1,0.1,0.1,0.50%,1.50%,2.50%,0.1,0.4,0.6,2,2.2,2.4,2.2,2.3,,,,,,,,
Austria,AUT,Europe,Western Europe,High-income,8.8,0.3,2.3,2.9,29%,190%,243%,5%,32%,41%,0.20%,0.40%,0.50%,0,0,0,0.20%,0.30%,0.40%,0,0,0,0.30%,2.60%,4.60%,0,0.2,0.4,2.8,2.9,3,2.8,2.9,,,,,,,,
Azerbaijan,AZE,Asia,Western Asia,Upper-middle,9.9,0.8,1.8,2.8,66%,153%,234%,10%,23%,34%,0.00%,0.00%,0.00%,0,0,0,0.00%,0.00%,0.00%,0,0,0,0.00%,0.00%,2.20%,0,0,0.2,2.2,2.7,2.7,2.5,2.4,,,,,,,,
Burundi,BDI,Africa,Sub-Saharan Africa,Low-income,10.8,0.7,1.6,3.4,59%,133%,287%,81%,181%,393%,42.50%,84.80%,97.20%,4.6,9.2,10.5,16.30%,65.80%,92.10%,1.8,7.1,10,58.50%,90.40%,98.50%,6.3,9.8,10.7,2.1,2.9,2.9,2.4,2,,,,,,,,
Belgium,BEL,Europe,Western Europe,High-income,11.4,0.3,2.4,2.9,22%,204%,240%,3%,30%,35%,0.10%,0.20%,0.30%,0,0,0,0.10%,0.20%,0.20%,0,0,0,0.10%,3.20%,5.40%,0,0.4,0.6,3.1,3.2,3.6,2.8,2.9,,,,,,,,
Benin,BEN,Africa,Sub-Saharan Africa,Low-income,11.2,0.7,2.5,3.5,54%,209%,294%,32%,121%,171%,19.50%,82.40%,89.60%,2.2,9.2,10,15.40%,59.20%,75.30%,1.7,6.6,8.4,24.40%,88.20%,91.90%,2.7,9.9,10.3,3.2,3.3,3.3,3.1,2.8,,,,,,,,
Burkina Faso,BFA,Africa,Sub-Saharan Africa,Low-income,19.2,0.6,2.5,3.5,48%,212%,296%,36%,160%,223%,0.80%,80.20%,90.00%,0.2,15.4,17.3,0.00%,53.90%,73.90%,0,10.3,14.2,4.20%,87.20%,93.70%,0.8,16.7,18,3.3,5.2,5.1,5.4,5.6,,,,,,,,
Bangladesh,BGD,Asia,Southern Asia,Lower-middle,159.7,0.6,1.9,3.4,54%,163%,288%,14%,44%,77%,0.20%,37.50%,77.60%,0.3,59.9,123.9,0.00%,8.70%,46.40%,0,13.8,74.1,2.70%,67.50%,91.30%,4.3,107.7,145.8,2.4,3,3.2,2.5,2.3,,,,,,,,
Bulgaria,BGR,Europe,Eastern Europe,Upper-middle,7.1,0.5,2.8,4.2,43%,236%,348%,8%,43%,63%,0.10%,5.30%,9.30%,0,0.4,0.7,0.10%,2.10%,4.80%,0,0.1,0.3,1.10%,20.10%,41.40%,0.1,1.4,2.9,3.4,4,4.3,3.8,3.7,,,,,,,,
Bahrain,BHR,Asia,Western Asia,High-income,1.5,0.8,2.8,4.6,66%,236%,380%,12%,41%,66%,NA,NA,NA,NA,NA,NA,NA,NA,NA,NA,NA,NA,NA,NA,NA,NA,NA,NA,3.3,4.3,4.6,3.9,3.7,,,,,,,,
"Bahamas, The",BHS,Americas,Latin America and the Caribbean,High-income,0.4,1,4.7,4.3,88%,391%,358%,17%,76%,69%,NA,NA,NA,NA,NA,NA,NA,NA,NA,NA,NA,NA,NA,NA,NA,NA,NA,NA,5.4,5.9,6,6.3,6.7,,,,,,,,
Bosnia and Herzegovina,BIH,Europe,Southern Europe,Upper-middle,3.4,0.7,3.1,4.3,59%,260%,358%,9%,39%,54%,0.00%,1.30%,3.60%,0,0,0.1,0.00%,0.20%,0.80%,0,0,0,0.10%,15.00%,30.30%,0,0.5,1,3.8,4.2,4.4,3.9,3.9,,,,,,,,
Belarus,BLR,Europe,Eastern Europe,Upper-middle,9.5,0.8,2.2,4.1,67%,182%,339%,10%,26%,48%,0.00%,0.00%,1.00%,0,0,0.1,0.00%,0.00%,0.10%,0,0,0,0.00%,2.60%,30.70%,0,0.2,2.9,2.6,3.5,3.5,3.4,3.4,,,,,,,,
Belize,BLZ,Americas,Latin America and the Caribbean,Upper-middle,0.4,1.1,2.8,2.9,94%,234%,243%,46%,114%,119%,10.80%,37.00%,38.10%,0,0.1,0.1,6.00%,19.70%,20.20%,0,0.1,0.1,32.10%,72.40%,74.00%,0.1,0.3,0.3,3.7,3,3.1,2.9,2.8,,,,,,,,
Bermuda,BMU,Americas,Northern America,High-income,0.1,1.1,4.7,3.7,92%,393%,312%,10%,45%,35%,NA,NA,NA,NA,NA,NA,NA,NA,NA,NA,NA,NA,NA,NA,NA,NA,NA,NA,5.7,4.3,4.6,4.4,4.5,,,,,,,,
Bolivia,BOL,Americas,Latin America and the Caribbean,Lower-middle,11.2,1.5,3.3,3.8,123%,279%,314%,26%,59%,66%,7.40%,21.50%,25.50%,0.8,2.4,2.9,4.40%,11.80%,13.70%,0.5,1.3,1.5,12.30%,36.10%,41.10%,1.4,4,4.6,4.1,4.4,4.9,3.8,3.7,,,,,,,,
Bonaire,BON,,,,0,0.7,2.9,3.6,62%,240%,302%,22%,86%,109%,NA,NA,NA,NA,NA,NA,NA,NA,NA,NA,NA,NA,NA,NA,NA,NA,NA,NA,3.1,4.3,5.3,3.2,3.3,,,,,,,,
Brazil,BRA,Americas,Latin America and the Caribbean,Upper-middle,207.8,0.8,2.7,2.8,71%,222%,235%,19%,60%,63%,2.10%,12.00%,13.00%,4.3,24.9,27,0.80%,6.20%,6.70%,1.7,12.9,14,7.50%,36.00%,38.30%,15.6,74.8,79.6,3.1,3.4,3.7,3.2,3.3,,,,,,,,
Barbados,BRB,Americas,Latin America and the Caribbean,High-income,0.3,0.9,2.2,5.9,75%,186%,492%,22%,54%,143%,NA,NA,NA,NA,NA,NA,NA,NA,NA,NA,NA,NA,NA,NA,NA,NA,NA,NA,2.4,6.5,7,7.1,7.8,,,,,,,,
Brunei Darussalam,BRN,Asia,South-eastern Asia,High-income,0.4,0.8,2.4,5,64%,198%,416%,14%,44%,93%,NA,NA,NA,NA,NA,NA,NA,NA,NA,NA,NA,NA,NA,NA,NA,NA,NA,NA,2.8,4.1,4.1,4,3.8,,,,,,,,
Bhutan,BTN,Asia,Southern Asia,Lower-middle,0.7,1,2.8,4.8,87%,234%,399%,18%,48%,82%,0.50%,22.60%,52.10%,0,0.2,0.4,0.00%,5.70%,26.30%,0,0,0.2,3.50%,44.30%,72.70%,0,0.3,0.5,3.6,4.2,4.1,3.9,3.8,,,,,,,,
Botswana,BWA,Africa,Sub-Saharan Africa,Upper-middle,2.2,0.5,2.2,4,42%,188%,331%,4%,17%,30%,0.80%,37.10%,60.20%,0,0.8,1.3,0.20%,17.00%,42.00%,0,0.4,0.9,10.30%,69.10%,84.20%,0.2,1.5,1.9,3,4.4,4.6,4.3,4.3,,,,,,,,
Central African Republic,CAF,Africa,Sub-Saharan Africa,Low-income,4.6,1,1.7,3.3,85%,142%,273%,82%,138%,264%,62.80%,81.10%,93.00%,2.9,3.7,4.3,40.60%,65.00%,85.20%,1.9,3,3.9,71.50%,86.10%,95.30%,3.3,4,4.4,2.6,3.3,3.3,3,2.5,,,,,,,,
Canada,CAN,Americas,Northern America,High-income,36.5,0.7,2.1,3,57%,178%,249%,11%,34%,47%,0.00%,0.50%,0.50%,0,0.2,0.2,0.00%,0.20%,0.50%,0,0.1,0.2,0.50%,2.20%,5.50%,0.2,0.8,2,2.6,2.9,3,2.9,2.8,,,,,,,,
Switzerland,CHE,Europe,Western Europe,High-income,8.5,0.4,2.1,2.5,35%,177%,205%,6%,28%,32%,0.00%,0.00%,0.00%,0,0,0,0.00%,0.00%,0.00%,0,0,0,0.00%,0.80%,1.90%,0,0.1,0.2,2.5,2.7,3,2.4,2.5,,,,,,,,
Chile,CHL,Americas,Latin America and the Caribbean,High-income,18.5,0.6,2.1,3.1,52%,176%,257%,10%,34%,49%,0.20%,0.60%,1.80%,0,0.1,0.3,0.10%,0.30%,0.50%,0,0.1,0.1,1.10%,33.00%,55.70%,0.2,6.1,10.3,2.3,3,3.1,3,3,,,,,,,,
China,CHN,Asia,Eastern Asia,Upper-middle,1386.4,0.8,2.1,3.6,71%,176%,302%,31%,77%,131%,0.10%,3.20%,17.90%,1.1,44.7,248.8,0.00%,0.40%,4.40%,0.4,5.3,60.4,2.10%,31.20%,61.30%,29,433.2,849.9,2.7,2.8,2.8,2.7,2.4,,,,,,,,
Cote d'Ivoire,CIV,Africa,Sub-Saharan Africa,Lower-middle,24.4,0.8,1.6,2.9,68%,135%,241%,26%,51%,92%,9.40%,36.90%,68.80%,2.3,9,16.8,3.00%,15.50%,43.90%,0.7,3.8,10.7,22.20%,59.20%,84.50%,5.4,14.5,20.7,2.2,3,3,2.8,2.5,,,,,,,,
Cameroon,CMR,Africa,Sub-Saharan Africa,Lower-middle,24.6,0.9,2.1,3.6,75%,173%,301%,39%,89%,155%,11.00%,41.80%,66.40%,2.7,10.3,16.3,3.00%,23.60%,45.90%,0.7,5.8,11.3,24.70%,59.40%,81.70%,6.1,14.6,20.1,2.8,3,2.8,2.7,2.1,,,,,,,,
"Congo, Dem. Rep.",COD,Africa,Sub-Saharan Africa,Low-income,81.4,0.6,2,3.2,47%,171%,271%,36%,132%,209%,28.70%,87.40%,95.50%,23.4,71.2,77.7,11.40%,72.20%,87.40%,9.3,58.8,71.1,40.30%,92.30%,97.50%,32.8,75.1,79.4,3.1,2.9,2.7,2.5,2.1,,,,,,,,
"Congo, Rep.",COG,Africa,Sub-Saharan Africa,Lower-middle,5.1,1,2.6,3.9,82%,215%,324%,45%,117%,176%,36.00%,77.90%,90.00%,1.8,4,4.6,18.90%,58.60%,75.50%,1,3,3.9,54.10%,89.80%,95.20%,2.8,4.6,4.9,3.1,3.7,3.6,3.7,3.4,,,,,,,,
Colombia,COL,Americas,Latin America and the Caribbean,Upper-middle,48.9,1,2.6,3.3,86%,218%,273%,23%,59%,74%,2.60%,15.30%,22.40%,1.3,7.5,11,1.30%,6.30%,9.70%,0.6,3.1,4.8,12.20%,48.20%,59.00%,6,23.6,28.8,3.1,3.2,3.4,3.1,2.9,,,,,,,,
Comoros,COM,Africa,Sub-Saharan Africa,Low-income,0.8,1.1,3.5,3.4,92%,289%,280%,30%,93%,91%,14.80%,60.90%,60.20%,0.1,0.5,0.5,6.00%,38.80%,37.50%,0,0.3,0.3,20.50%,70.90%,69.20%,0.2,0.6,0.6,4.3,4.4,4.5,4.5,4.5,,,,,,,,
Cape Verde,CPV,Africa,Sub-Saharan Africa,Lower-middle,0.5,0.6,2.5,3.4,52%,211%,281%,14%,57%,75%,0.20%,19.00%,32.40%,0,0.1,0.2,0.00%,5.70%,12.60%,0,0,0.1,0.80%,37.60%,53.10%,0,0.2,0.3,3,3.4,3.5,3.1,3,,,,,,,,
Costa Rica,CRI,Americas,Latin America and the Caribbean,Upper-middle,4.9,0.9,2.7,3.9,79%,229%,324%,15%,44%,63%,0.50%,4.90%,10.60%,0,0.2,0.5,0.30%,1.80%,3.70%,0,0.1,0.2,2.70%,25.60%,42.20%,0.1,1.3,2.1,3.1,4,4.3,4,4.1,,,,,,,,
Curacao,CUW,Americas,Latin America and the Caribbean,High-income,0.2,1.1,2.4,3.2,95%,200%,271%,22%,46%,62%,NA,NA,NA,NA,NA,NA,NA,NA,NA,NA,NA,NA,NA,NA,NA,NA,NA,NA,2.7,3.3,3.4,3.1,3.1,,,,,,,,
Cayman Islands,CYM,Americas,Latin America and the Caribbean,High-income,0.1,1.1,2.2,3.2,91%,186%,266%,18%,36%,51%,NA,NA,NA,NA,NA,NA,NA,NA,NA,NA,NA,NA,NA,NA,NA,NA,NA,NA,2.5,3,3.2,3.1,3,,,,,,,,
Cyprus,CYP,Asia,Western Asia,High-income,1.2,0.6,2.1,3.1,49%,174%,255%,10%,34%,50%,0.00%,0.10%,0.10%,0,0,0,0.00%,0.00%,0.10%,0,0,0,0.10%,2.20%,10.60%,0,0,0.1,2.5,3,3.2,2.9,2.8,,,,,,,,
Czech Republic,CZE,Europe,Eastern Europe,High-income,10.6,0.4,2.4,3.1,38%,201%,260%,6%,32%,41%,0.00%,0.10%,0.20%,0,0,0,0.00%,0.00%,0.10%,0,0,0,0.10%,6.10%,16.00%,0,0.6,1.7,2.8,3.1,3.2,3,3.1,,,,,,,,
Germany,DEU,Europe,Western Europe,High-income,82.7,0.3,2.3,2.8,22%,189%,232%,4%,31%,38%,0.00%,0.20%,0.20%,0,0.2,0.2,0.00%,0.20%,0.20%,0,0.2,0.2,0.00%,3.00%,5.00%,0,2.5,4.1,2.7,2.7,2.9,2.6,2.7,,,,,,,,
Djibouti,DJI,Africa,Sub-Saharan Africa,Lower-middle,0.9,0.6,2.5,3.5,51%,205%,296%,26%,103%,148%,3.30%,46.20%,66.70%,0,0.4,0.6,1.30%,22.10%,40.20%,0,0.2,0.4,8.30%,68.40%,84.90%,0.1,0.6,0.8,3.1,4.3,4.5,4.2,4.3,,,,,,,,
Dominica,DMA,Americas,Latin America and the Caribbean,Upper-middle,0.1,1.2,3.5,4.2,102%,291%,347%,26%,76%,90%,NA,NA,NA,NA,NA,NA,NA,NA,NA,NA,NA,NA,NA,NA,NA,NA,NA,NA,4.5,3.7,3.8,3.7,3.7,,,,,,,,
Denmark,DNK,Europe,Northern Europe,High-income,5.8,0.3,1.7,2.4,25%,146%,200%,4%,26%,35%,0.10%,0.10%,0.20%,0,0,0,0.00%,0.10%,0.10%,0,0,0,0.10%,0.40%,1.10%,0,0,0.1,2.1,2.5,2.6,2.5,2.6,,,,,,,,
Dominican Republic,DOM,Americas,Latin America and the Caribbean,Upper-middle,10.5,1.2,2.9,4,99%,240%,336%,15%,37%,52%,0.60%,7.90%,18.60%,0.1,0.8,2,0.30%,2.10%,5.80%,0,0.2,0.6,6.60%,43.60%,64.30%,0.7,4.6,6.8,3.6,4.1,4.4,3.9,3.8,,,,,,,,
Algeria,DZA,Africa,Northern Africa,Upper-middle,41.4,0.8,2.3,4,65%,194%,336%,12%,37%,65%,0.10%,3.00%,25.60%,0,1.2,10.6,0.10%,0.50%,4.50%,0,0.2,1.9,0.90%,46.80%,85.80%,0.4,19.4,35.5,3.2,4.2,4.2,3.7,3.8,,,,,,,,
Ecuador,ECU,Americas,Latin America and the Caribbean,Upper-middle,16.8,1.3,2.5,3.2,112%,210%,266%,31%,59%,74%,3.40%,10.90%,17.10%,0.6,1.8,2.9,1.40%,4.40%,7.20%,0.2,0.7,1.2,16.00%,41.20%,53.40%,2.7,6.9,9,3,3.2,3.4,2.9,2.8,,,,,,,,
"Egypt, Arab Rep.",EGY,Africa,Northern Africa,Lower-middle,96.4,1,2.3,4.1,82%,189%,347%,8%,19%,34%,0.70%,27.00%,75.20%,0.7,26,72.5,0.00%,4.70%,39.10%,0,4.5,37.7,5.40%,60.60%,90.70%,5.2,58.5,87.4,2.9,4.1,3.8,3.8,3.4,,,,,,,,
Spain,ESP,Europe,Southern Europe,High-income,46.6,0.4,1.8,2.7,37%,148%,227%,6%,24%,37%,0.50%,1.00%,1.50%,0.2,0.4,0.7,0.50%,0.60%,0.90%,0.2,0.3,0.4,1.00%,7.60%,16.90%,0.5,3.6,7.9,2,2.9,3.1,2.7,2.8,,,,,,,,
Estonia,EST,Europe,Northern Europe,High-income,1.3,0.4,2.6,3.3,35%,217%,275%,5%,31%,39%,0.10%,0.60%,0.80%,0,0,0,0.10%,0.40%,0.50%,0,0,0,0.50%,12.40%,22.80%,0,0.2,0.3,2.9,3.4,3.4,3.3,3.5,,,,,,,,
Ethiopia,ETH,Africa,Sub-Saharan Africa,Low-income,106.4,0.7,2,3.6,60%,167%,305%,51%,141%,257%,5.60%,53.00%,87.40%,6,56.4,93,0.70%,22.60%,65.20%,0.7,24,69.3,10.90%,71.50%,92.20%,11.6,76.1,98.1,2.4,3.3,3,3,2.7,,,,,,,,
Finland,FIN,Europe,Northern Europe,High-income,5.5,0.3,2.5,2.6,24%,207%,215%,4%,35%,36%,0.10%,0.10%,0.10%,0,0,0,0.10%,0.10%,0.10%,0,0,0,0.10%,1.20%,1.40%,0,0.1,0.1,2.7,2.9,2.9,2.9,3,,,,,,,,
Fiji,FJI,Oceania,Melanesia,Upper-middle,0.9,0.8,2.6,4,71%,214%,330%,11%,33%,51%,0.00%,7.50%,28.70%,0,0.1,0.3,0.00%,0.90%,6.90%,0,0,0.1,1.90%,54.70%,78.50%,0,0.5,0.7,3.1,3.8,3.8,3.5,3.3,,,,,,,,
France,FRA,Europe,Western Europe,High-income,66.9,0.3,1.9,3,27%,159%,250%,4%,24%,38%,0.00%,0.00%,0.00%,0,0,0,0.00%,0.00%,0.00%,0,0,0,0.00%,1.00%,5.60%,0,0.7,3.8,2.3,2.9,3,2.8,2.9,,,,,,,,
Gabon,GAB,Africa,Sub-Saharan Africa,Upper-middle,2.1,1,2.6,3.8,80%,215%,314%,22%,59%,87%,1.20%,15.20%,32.00%,0,0.3,0.7,0.30%,5.70%,12.80%,0,0.1,0.3,10.40%,56.40%,75.70%,0.2,1.2,1.6,3,3.4,3.4,3.5,3.4,,,,,,,,
United Kingdom,GBR,Europe,Northern Europe,High-income,66.1,0.3,1.5,1.9,22%,129%,158%,5%,29%,35%,0.10%,0.30%,0.40%,0.1,0.2,0.3,0.10%,0.30%,0.30%,0,0.2,0.2,0.30%,1.90%,3.00%,0.2,1.3,2,1.8,1.9,1.9,1.8,1.8,,,,,,,,
Ghana,GHA,Africa,Sub-Saharan Africa,Lower-middle,29.1,0.8,2.5,4.3,69%,210%,355%,50%,153%,258%,5.30%,34.30%,60.90%,1.5,10,17.7,2.10%,17.50%,37.40%,0.6,5.1,10.9,11.10%,54.00%,78.40%,3.2,15.7,22.8,3.4,3.8,3.9,3.7,3.2,,,,,,,,
Guinea,GIN,Africa,Sub-Saharan Africa,Low-income,12.1,0.9,2.2,4.1,75%,185%,347%,25%,60%,113%,8.90%,59.40%,90.30%,1.1,7.2,10.9,2.10%,28.20%,70.10%,0.3,3.4,8.5,17.60%,73.50%,94.90%,2.1,8.9,11.4,2.6,6,6.1,6.7,7.3,,,,,,,,
"Gambia, The",GMB,Africa,Sub-Saharan Africa,Low-income,2.2,1,2.5,3.8,82%,211%,322%,39%,100%,153%,3.90%,47.70%,73.10%,0.1,1.1,1.6,0.40%,17.80%,44.60%,0,0.4,1,8.40%,61.60%,83.50%,0.2,1.4,1.8,3.3,3.5,3.4,3.4,3,,,,,,,,
Guinea-Bissau,GNB,Africa,Sub-Saharan Africa,Low-income,1.8,0.9,1.9,3.8,77%,155%,316%,26%,52%,107%,45.30%,78.20%,92.60%,0.8,1.4,1.7,22.30%,58.80%,85.00%,0.4,1.1,1.6,58.20%,84.50%,94.80%,1.1,1.5,1.7,2.6,3.9,3.8,4.1,4,,,,,,,,
Equatorial Guinea,GNQ,Africa,Sub-Saharan Africa,Upper-middle,1.3,0.8,1.9,3.9,64%,156%,325%,8%,19%,40%,NA,NA,NA,NA,NA,NA,NA,NA,NA,NA,NA,NA,NA,NA,NA,NA,NA,NA,2.3,3.3,3.3,3.3,3,,,,,,,,
Greece,GRC,Europe,Southern Europe,High-income,10.8,0.7,2.6,3.1,57%,216%,258%,8%,29%,35%,0.50%,2.00%,2.90%,0,0.2,0.3,0.40%,1.10%,1.30%,0,0.1,0.1,2.50%,38.40%,50.00%,0.3,4.1,5.4,3,3.3,3.5,3,3,,,,,,,,
Grenada,GRD,Americas,Latin America and the Caribbean,Upper-middle,0.1,1.3,3.8,5.8,111%,315%,484%,17%,47%,72%,NA,NA,NA,NA,NA,NA,NA,NA,NA,NA,NA,NA,NA,NA,NA,NA,NA,NA,4.3,6.5,6.6,6.8,7.2,,,,,,,,
Guyana,GUY,Americas,Latin America and the Caribbean,Upper-middle,0.8,0.7,3.6,4.8,61%,301%,399%,19%,92%,121%,4.00%,25.40%,39.30%,0,0.2,0.3,3.10%,13.00%,18.90%,0,0.1,0.1,9.10%,67.60%,79.60%,0.1,0.5,0.6,4.1,5,5.1,5,5.1,,,,,,,,
"Hong Kong SAR, China",HKG,Asia,Eastern Asia,High-income,7.4,0.9,2.3,4.8,76%,193%,399%,8%,20%,42%,NA,NA,NA,NA,NA,NA,NA,NA,NA,NA,NA,NA,NA,NA,NA,NA,NA,NA,2.6,3.5,3.6,3.2,3,,,,,,,,
Honduras,HND,Americas,Latin America and the Caribbean,Lower-middle,9.4,1.1,3.5,3.6,96%,290%,305%,33%,99%,104%,12.80%,47.00%,48.90%,1.2,4.4,4.6,5.70%,29.20%,30.70%,0.5,2.8,2.9,21.80%,64.50%,66.10%,2.1,6.1,6.2,4.5,3.5,3.6,3.2,3,,,,,,,,
Croatia,HRV,Europe,Southern Europe,High-income,4.1,0.7,3.3,4.4,56%,273%,365%,8%,38%,50%,0.30%,2.50%,5.30%,0,0.1,0.2,0.30%,1.00%,1.90%,0,0,0.1,1.90%,51.40%,74.30%,0.1,2.1,3.1,3.7,4.4,4.5,4.2,4.3,,,,,,,,
Haiti,HTI,Americas,Latin America and the Caribbean,Low-income,11,1.1,2.9,4.7,91%,245%,393%,41%,110%,176%,14.40%,60.70%,82.20%,1.6,6.7,9,4.60%,35.20%,61.30%,0.5,3.9,6.7,22.80%,72.10%,89.10%,2.5,7.9,9.8,3.7,4.7,5.3,3.8,3.5,,,,,,,,
Hungary,HUN,Europe,Eastern Europe,High-income,9.8,0.5,2.3,3.7,38%,196%,311%,7%,35%,55%,0.30%,1.30%,3.00%,0,0.1,0.3,0.20%,0.70%,1.30%,0,0.1,0.1,0.90%,25.50%,58.50%,0.1,2.5,5.7,2.7,3.5,3.7,3.3,3.3,,,,,,,,
Indonesia,IDN,Asia,South-eastern Asia,Lower-middle,264.6,1,2.7,5.1,85%,223%,422%,21%,54%,103%,1.10%,35.60%,71.30%,2.8,94.2,188.7,0.00%,12.20%,46.20%,0.1,32.4,122.3,8.80%,58.70%,87.20%,23.2,155.3,230.7,3.1,4.3,4.4,4.5,4.4,,,,,,,,
India,IND,Asia,Southern Asia,Lower-middle,1338.7,0.8,2.1,3.2,66%,177%,269%,27%,74%,112%,0.70%,42.70%,71.50%,8.8,571.1,956.9,0.10%,11.60%,39.10%,0.8,154.8,523.6,6.70%,70.40%,87.90%,89.3,942.8,"1,176.40",2.6,3,3,2.7,2.6,,,,,,,,
Ireland,IRL,Europe,Northern Europe,High-income,4.8,0.6,2.1,2.5,48%,172%,206%,12%,42%,51%,0.20%,0.30%,0.30%,0,0,0,0.20%,0.20%,0.20%,0,0,0,0.30%,1.00%,2.20%,0,0,0.1,2.5,2.6,2.7,2.6,2.6,,,,,,,,
"Iran, Islamic Rep.",IRN,Asia,Southern Asia,Upper-middle,80.7,0.9,2,3.5,73%,168%,289%,22%,50%,87%,0.00%,2.20%,10.50%,0,1.8,8.5,0.00%,0.30%,2.80%,0,0.3,2.3,2.10%,19.80%,47.70%,1.7,16,38.5,2.4,3.9,4.2,3.4,3.4,,,,,,,,
Iraq,IRQ,Asia,Western Asia,Upper-middle,37.6,1.2,2.5,3.9,97%,209%,327%,25%,54%,84%,0.70%,18.20%,50.80%,0.3,6.9,19.1,0.00%,3.30%,17.60%,0,1.2,6.6,21.30%,76.30%,93.40%,8,28.7,35.1,3,3.7,3.6,3.3,3.1,,,,,,,,
Iceland,ISL,Europe,Northern Europe,High-income,0.3,0.4,2.5,2.4,32%,205%,199%,4%,27%,27%,0.00%,0.00%,0.00%,0,0,0,0.00%,0.00%,0.00%,0,0,0,0.00%,0.70%,0.60%,0,0,0,2.8,2.6,2.8,2.3,2.3,,,,,,,,
Israel,ISR,Asia,Western Asia,High-income,8.7,0.5,1.9,2.7,42%,160%,224%,6%,24%,33%,0.00%,0.50%,1.00%,0,0,0.1,0.00%,0.20%,0.20%,0,0,0,0.70%,14.50%,23.70%,0.1,1.3,2.1,2.3,2.4,2.4,2.1,2,,,,,,,,
Italy,ITA,Europe,Southern Europe,High-income,60.5,0.3,2.3,3.1,26%,189%,258%,4%,25%,35%,1.00%,1.90%,2.50%,0.6,1.1,1.5,0.90%,1.40%,1.60%,0.6,0.9,1,1.40%,9.80%,17.70%,0.9,5.9,10.7,2.7,2.9,3.1,2.8,2.8,,,,,,,,
Jamaica,JAM,Americas,Latin America and the Caribbean,Upper-middle,2.9,1,4.1,5.5,85%,339%,459%,16%,62%,84%,0.90%,34.50%,52.40%,0,1,1.5,0.10%,14.50%,26.30%,0,0.4,0.8,10.90%,74.20%,84.20%,0.3,2.2,2.5,5.2,4.6,4.8,4.7,4.5,,,,,,,,
Jordan,JOR,Asia,Western Asia,Upper-middle,9.8,0.6,1.6,4.1,54%,135%,345%,14%,35%,89%,0.00%,0.40%,19.90%,0,0,1.9,0.00%,0.00%,3.10%,0,0,0.3,0.20%,13.30%,75.30%,0,1.3,7.4,2,3.7,3.7,3.3,3,,,,,,,,
Japan,JPN,Asia,Eastern Asia,High-income,126.8,3,3.6,5.2,253%,305%,434%,35%,42%,60%,0.90%,1.20%,1.60%,1.2,1.5,2,0.90%,0.90%,0.90%,1.2,1.2,1.2,8.20%,14.70%,33.70%,10.4,18.6,42.8,4.1,5.7,6,5.4,5.6,,,,,,,,
Kazakhstan,KAZ,Asia,Central Asia,Upper-middle,18,0.7,1.8,2.8,55%,147%,234%,8%,21%,33%,0.00%,0.10%,1.20%,0,0,0.2,0.00%,0.00%,0.10%,0,0,0,0.00%,8.30%,42.00%,0,1.5,7.6,2.1,2.6,2.6,2.5,2.4,,,,,,,,
Kenya,KEN,Africa,Sub-Saharan Africa,Lower-middle,50.2,0.8,1.9,3.1,64%,155%,258%,21%,51%,86%,10.70%,55.20%,79.00%,5.4,27.7,39.7,2.70%,28.90%,57.80%,1.3,14.5,29,27.60%,74.60%,90.80%,13.8,37.5,45.6,2.4,2.8,2.6,2.5,2.2,,,,,,,,
Kyrgyz Republic,KGZ,Asia,Central Asia,Lower-middle,6.2,1,2.5,3.6,81%,205%,304%,22%,56%,83%,0.30%,22.40%,57.60%,0,1.4,3.6,0.00%,2.50%,17.50%,0,0.2,1.1,1.70%,58.00%,84.20%,0.1,3.6,5.2,2.8,3.3,3.2,3.2,3.1,,,,,,,,
Cambodia,KHM,Asia,South-eastern Asia,Lower-middle,16,1,2.8,4.5,83%,231%,378%,26%,71%,117%,NA,NA,NA,NA,NA,NA,NA,NA,NA,NA,NA,NA,NA,NA,NA,NA,NA,NA,3.2,3.7,3.7,3.5,3.2,,,,,,,,
St. Kitts and Nevis,KNA,Americas,Latin America and the Caribbean,High-income,0.1,0.5,3,3.3,45%,250%,276%,8%,46%,51%,NA,NA,NA,NA,NA,NA,NA,NA,NA,NA,NA,NA,NA,NA,NA,NA,NA,NA,3.5,3.2,3.4,3.1,3,,,,,,,,
"Korea, Rep.",KOR,Asia,Eastern Asia,High-income,51.4,0.7,4.3,4.9,57%,361%,406%,13%,83%,94%,0.00%,1.00%,1.20%,0,0.5,0.6,0.00%,0.50%,0.50%,0,0.3,0.3,0.50%,26.00%,33.00%,0.3,13.4,16.9,4.9,5,4.9,4.8,4.9,,,,,,,,
Kuwait,KWT,Asia,Western Asia,High-income,4.1,0.3,1.8,3.9,29%,150%,329%,5%,28%,62%,NA,NA,NA,NA,NA,NA,NA,NA,NA,NA,NA,NA,NA,NA,NA,NA,NA,NA,2.3,3.7,3.7,3.4,3.4,,,,,,,,
Lao PDR,LAO,Asia,South-eastern Asia,Lower-middle,7,0.7,2.9,5,60%,242%,419%,17%,69%,119%,0.60%,57.40%,83.70%,0,4,5.8,0.00%,27.60%,62.60%,0,1.9,4.3,5.20%,78.20%,93.30%,0.4,5.4,6.5,3.5,4,4.2,3.8,3.4,,,,,,,,
Liberia,LBR,Africa,Sub-Saharan Africa,Low-income,4.7,1,3,5.1,81%,249%,423%,127%,391%,665%,27.00%,87.50%,97.60%,1.3,4.1,4.6,7.60%,67.70%,89.30%,0.4,3.2,4.2,39.90%,92.90%,98.80%,1.9,4.4,4.6,3.6,3.8,3.7,3.7,3.1,,,,,,,,
St. Lucia,LCA,Americas,Latin America and the Caribbean,Upper-middle,0.2,1.1,2.7,3.5,88%,221%,291%,59%,149%,196%,3.70%,13.00%,17.70%,0,0,0,2.80%,6.90%,9.70%,0,0,0,11.50%,34.00%,44.60%,0,0.1,0.1,3.5,3.7,3.9,3.6,3.6,,,,,,,,
Sri Lanka,LKA,Asia,Southern Asia,Lower-middle,21.4,1,2.2,4.1,81%,186%,338%,18%,40%,73%,0.10%,10.70%,45.40%,0,2.3,9.7,0.00%,1.30%,16.40%,0,0.3,3.5,1.40%,31.80%,70.40%,0.3,6.8,15.1,2.5,4.2,4.1,3.9,3.9,,,,,,,,
Lesotho,LSO,Africa,Sub-Saharan Africa,Lower-middle,2.1,0.6,2.3,4.2,51%,193%,350%,24%,89%,163%,6.40%,51.50%,76.90%,0.1,1.1,1.6,1.60%,32.00%,57.80%,0,0.7,1.2,14.70%,69.20%,89.50%,0.3,1.4,1.9,2.7,3.9,4.1,3.6,3.5,,,,,,,,
Lithuania,LTU,Europe,Northern Europe,High-income,2.8,0.5,2,3.2,43%,167%,269%,4%,18%,28%,0.80%,1.30%,2.90%,0,0,0.1,0.80%,1.00%,1.30%,0,0,0,1.50%,15.50%,41.40%,0,0.4,1.2,2.4,3.1,3.3,3.1,3.1,,,,,,,,
Luxembourg,LUX,Europe,Western Europe,High-income,0.6,0.3,2,2.5,28%,170%,208%,4%,24%,30%,0.10%,0.30%,0.40%,0,0,0,0.10%,0.30%,0.30%,0,0,0,0.30%,2.20%,2.90%,0,0,0,2.5,2.4,2.4,2.3,2.4,,,,,,,,
Latvia,LVA,Europe,Northern Europe,High-income,1.9,0.4,2.1,3.3,37%,172%,278%,6%,28%,46%,0.10%,1.40%,2.60%,0,0,0.1,0.10%,0.70%,1.40%,0,0,0,1.10%,17.50%,46.20%,0,0.3,0.9,2.4,3.4,3.6,3.3,3.3,,,,,,,,
Morocco,MAR,Africa,Northern Africa,Lower-middle,35.6,0.6,1.9,2.9,51%,160%,241%,14%,45%,68%,0.00%,3.50%,13.70%,0,1.3,4.9,0.00%,0.50%,2.90%,0,0.2,1,0.10%,13.10%,34.40%,0,4.7,12.3,2.5,2.8,2.8,2.7,2.6,,,,,,,,
Moldova,MDA,Europe,Eastern Europe,Lower-middle,2.8,0.8,1.7,2.9,67%,141%,240%,12%,24%,42%,0.00%,0.20%,4.70%,0,0,0.1,0.00%,0.00%,0.30%,0,0,0,0.00%,2.10%,24.70%,0,0.1,0.7,2,2.8,2.8,2.7,2.5,,,,,,,,
Madagascar,MDG,Africa,Sub-Saharan Africa,Low-income,25.6,1.1,2.6,3.5,90%,216%,289%,59%,141%,188%,70.30%,93.60%,96.70%,18,23.9,24.7,44.60%,84.60%,91.00%,11.4,21.6,23.3,79.10%,96.20%,98.00%,20.2,24.6,25,3.1,3.2,3,2.9,2.5,,,,,,,,
Maldives,MDV,Asia,Southern Asia,Upper-middle,0.5,0.4,2.7,3.6,35%,224%,304%,14%,92%,125%,0.00%,0.50%,2.70%,0,0,0,0.00%,0.10%,0.30%,0,0,0,0.00%,15.20%,32.50%,0,0.1,0.2,3,4.4,4.6,4.4,4.5,,,,,,,,
Mexico,MEX,Americas,Latin America and the Caribbean,Upper-middle,124.8,0.7,2.6,3.3,55%,213%,273%,8%,32%,41%,0.40%,10.30%,17.90%,0.4,12.8,22.4,0.10%,3.20%,5.90%,0.2,4,7.4,2.70%,46.40%,60.20%,3.4,58,75.1,2.9,3.1,3.2,3,3,,,,,,,,
North Macedonia,MKD,Europe,Southern Europe,Upper-middle,2.1,0.7,3,3.7,62%,252%,308%,10%,40%,48%,2.30%,13.90%,18.20%,0,0.3,0.4,1.00%,7.40%,9.80%,0,0.2,0.2,5.90%,46.40%,60.20%,0.1,1,1.3,3.5,3.5,3.7,3.2,3.1,,,,,,,,
Mali,MLI,Africa,Sub-Saharan Africa,Low-income,18.5,0.6,2,3.3,50%,166%,272%,23%,77%,126%,4.60%,70.90%,90.60%,0.8,13.1,16.8,0.80%,41.70%,72.80%,0.1,7.7,13.5,11.30%,81.70%,95.10%,2.1,15.1,17.6,2.6,2.8,2.6,2.5,2.1,,,,,,,,
Malta,MLT,Europe,Southern Europe,High-income,0.5,0.8,2.7,3.9,64%,228%,329%,11%,40%,58%,0.10%,0.20%,0.30%,0,0,0,0.10%,0.20%,0.20%,0,0,0,0.30%,5.70%,16.80%,0,0,0.1,3,4,4.4,3.7,3.8,,,,,,,,
Myanmar,MMR,Asia,South-eastern Asia,Lower-middle,53.4,0.9,2.6,3.7,76%,217%,306%,25%,73%,102%,0.20%,24.70%,51.90%,0.1,13.2,27.7,0.00%,4.40%,17.50%,0,2.4,9.4,1.60%,56.50%,79.70%,0.9,30.1,42.5,3,3.5,3.6,3.3,3.4,,,,,,,,
Montenegro,MNE,Europe,Southern Europe,Upper-middle,0.6,0.6,2.3,3.8,47%,195%,314%,5%,21%,34%,1.30%,6.20%,14.90%,0,0,0.1,1.20%,2.80%,6.20%,0,0,0,2.30%,24.00%,46.90%,0,0.1,0.3,2.8,3.9,4.2,3.5,3.6,,,,,,,,
Mongolia,MNG,Asia,Eastern Asia,Lower-middle,3.1,0.7,2.3,4.6,62%,189%,385%,16%,49%,99%,0.00%,6.60%,43.20%,0,0.2,1.3,0.00%,0.80%,15.00%,0,0,0.5,0.10%,22.40%,70.10%,0,0.7,2.2,2.8,5,5.6,4.7,4.7,,,,,,,,
Mozambique,MOZ,Africa,Sub-Saharan Africa,Low-income,28.6,0.4,2,3.5,32%,165%,291%,24%,126%,222%,8.50%,78.00%,90.60%,2.4,22.4,26,2.60%,59.80%,81.40%,0.7,17.1,23.3,14.30%,84.30%,93.50%,4.1,24.1,26.8,2.7,3.2,3.1,3,2.6,,,,,,,,
Mauritania,MRT,Africa,Sub-Saharan Africa,Lower-middle,4.3,0.9,2.8,4.4,73%,235%,370%,26%,85%,133%,1.60%,38.10%,68.00%,0.1,1.6,2.9,0.20%,13.90%,37.70%,0,0.6,1.6,5.80%,64.60%,88.30%,0.2,2.8,3.8,3.5,3.7,3.7,3.6,3.3,,,,,,,,
Montserrat,MSR,,,,0,1.4,3.7,5.6,115%,308%,466%,22%,59%,90%,NA,NA,NA,NA,NA,NA,NA,NA,NA,NA,NA,NA,NA,NA,NA,NA,NA,NA,4.2,5.4,5.6,5.5,5.6,,,,,,,,
Mauritius,MUS,Africa,Sub-Saharan Africa,Upper-middle,1.3,0.8,2.5,3.7,68%,210%,311%,8%,24%,36%,0.00%,3.30%,12.00%,0,0,0.2,0.00%,0.50%,2.60%,0,0,0,1.10%,33.10%,60.50%,0,0.4,0.8,3,4.5,4.5,4.6,4.8,,,,,,,,
Malawi,MWI,Africa,Sub-Saharan Africa,Low-income,17.7,0.3,1.6,2.7,24%,135%,226%,22%,124%,208%,1.30%,79.00%,92.80%,0.2,14,16.4,0.20%,55.10%,81.20%,0,9.7,14.3,3.30%,86.40%,95.50%,0.6,15.3,16.9,2.2,2.5,2.4,2.2,2,,,,,,,,
Malaysia,MYS,Asia,South-eastern Asia,Upper-middle,31.1,0.9,2.4,4,76%,199%,331%,10%,27%,46%,0.00%,0.30%,2.80%,0,0.1,0.9,0.00%,0.00%,0.40%,0,0,0.1,0.10%,7.20%,24.10%,0,2.3,7.5,2.6,3.5,3.6,3.5,3.3,,,,,,,,
Namibia,NAM,Africa,Sub-Saharan Africa,Upper-middle,2.4,1,1.8,3.2,84%,154%,266%,30%,55%,96%,9.80%,25.30%,46.00%,0.2,0.6,1.1,3.50%,12.40%,28.60%,0.1,0.3,0.7,33.10%,56.10%,73.80%,0.8,1.3,1.8,2.3,3,2.9,2.9,2.7,,,,,,,,
Niger,NER,Africa,Sub-Saharan Africa,Low-income,21.6,0.6,1.7,3.6,51%,139%,301%,87%,236%,514%,5.40%,58.40%,91.90%,1.2,12.6,19.9,0.60%,28.80%,77.40%,0.1,6.2,16.7,10.50%,73.00%,95.80%,2.3,15.8,20.7,2.2,2.9,2.9,2.6,2.1,,,,,,,,
Nigeria,NGA,Africa,Sub-Saharan Africa,Lower-middle,190.9,1.4,2.1,3.4,115%,177%,283%,23%,36%,57%,44.90%,69.90%,89.10%,85.6,133.4,170.1,20.20%,42.70%,70.30%,38.6,81.5,134.2,68.50%,86.90%,96.40%,130.8,165.9,184,2.7,3.5,3.5,3.2,3.1,,,,,,,,
Nicaragua,NIC,Americas,Latin America and the Caribbean,Lower-middle,6.4,1.4,2.6,3.5,120%,213%,294%,42%,75%,103%,3.40%,14.80%,27.80%,0.2,0.9,1.8,0.90%,5.10%,10.10%,0.1,0.3,0.6,9.20%,31.20%,46.90%,0.6,2,3,3.1,3.9,4.3,3.3,3.1,,,,,,,,
Netherlands,NLD,Europe,Western Europe,High-income,17.1,0.3,1.8,2.8,25%,150%,231%,4%,26%,40%,0.00%,0.20%,0.30%,0,0,0.1,0.00%,0.10%,0.20%,0,0,0,0.20%,1.10%,3.20%,0,0.2,0.5,2.3,2.7,2.9,2.7,2.9,,,,,,,,
Norway,NOR,Europe,Northern Europe,High-income,5.3,1.1,2.8,3.5,91%,230%,289%,15%,37%,46%,0.20%,0.40%,0.50%,0,0,0,0.20%,0.30%,0.30%,0,0,0,0.60%,2.10%,3.50%,0,0.1,0.2,3.2,2.7,2.7,2.7,2.6,,,,,,,,
Nepal,NPL,Asia,Southern Asia,Low-income,27.6,1,2.6,3.8,82%,214%,321%,25%,66%,98%,2.00%,44.20%,72.10%,0.5,12.2,19.9,0.20%,13.50%,40.20%,0.1,3.7,11.1,4.80%,60.90%,83.00%,1.3,16.8,22.9,3.1,4.1,4.2,3.5,3.5,,,,,,,,
New Zealand,NZL,Oceania,Australia and New Zealand,High-income,4.8,0.5,2.2,2.7,41%,187%,229%,6%,27%,33%,NA,NA,NA,NA,NA,NA,NA,NA,NA,NA,NA,NA,NA,NA,NA,NA,NA,NA,2.6,2.6,2.8,2.5,2.5,,,,,,,,
Oman,OMN,Asia,Western Asia,High-income,4.7,0.5,1.9,3.4,44%,158%,286%,7%,26%,47%,NA,NA,NA,NA,NA,NA,NA,NA,NA,NA,NA,NA,NA,NA,NA,NA,NA,NA,2.3,3.2,3.2,2.9,2.8,,,,,,,,
Pakistan,PAK,Asia,Southern Asia,Lower-middle,207.9,0.8,1.9,3.8,64%,163%,320%,21%,53%,104%,0.00%,24.10%,75.30%,0.1,50.1,156.5,0.00%,2.70%,41.70%,0,5.7,86.7,1.80%,56.50%,90.70%,3.7,117.5,188.5,2.3,3.6,3.6,3.3,3.2,,,,,,,,
Panama,PAN,Americas,Latin America and the Caribbean,High-income,4.1,1.1,3.2,4.9,94%,269%,407%,14%,39%,60%,1.90%,11.40%,19.80%,0.1,0.5,0.8,0.80%,5.40%,10.70%,0,0.2,0.4,19.20%,59.40%,76.20%,0.8,2.4,3.1,4,5.4,5.8,5.1,5,,,,,,,,
Peru,PER,Americas,Latin America and the Caribbean,Upper-middle,31.4,0.9,2.2,3.6,76%,187%,300%,21%,51%,81%,1.30%,10.30%,22.40%,0.4,3.2,7.1,0.30%,4.20%,10.50%,0.1,1.3,3.3,8.80%,36.40%,60.10%,2.8,11.4,18.9,2.7,3.4,3.7,3.1,3,,,,,,,,
Philippines,PHL,Asia,South-eastern Asia,Lower-middle,105.2,1.2,2.8,4.1,97%,236%,340%,18%,43%,62%,3.30%,42.60%,64.20%,3.5,44.8,67.6,0.20%,16.40%,36.90%,0.2,17.2,38.8,15.00%,65.90%,81.90%,15.8,69.3,86.1,3.2,3.6,3.5,3.5,3.4,,,,,,,,
Poland,POL,Europe,Eastern Europe,High-income,38,0.4,2,3.1,33%,164%,259%,5%,26%,41%,0.00%,0.00%,0.40%,0,0,0.2,0.00%,0.00%,0.00%,0,0,0,0.00%,30.70%,64.30%,0,11.6,24.4,2.3,3.4,3.6,3.3,3.3,,,,,,,,
Portugal,PRT,Europe,Southern Europe,High-income,10.3,0.4,1.9,2.7,35%,156%,225%,5%,21%,30%,0.10%,0.50%,0.90%,0,0,0.1,0.10%,0.40%,0.40%,0,0,0,0.50%,10.80%,26.30%,0,1.1,2.7,2.2,2.8,3,2.7,2.7,,,,,,,,
Paraguay,PRY,Americas,Latin America and the Caribbean,Upper-middle,6.9,0.9,3.9,3.6,79%,325%,301%,16%,66%,61%,0.10%,17.90%,15.40%,0,1.2,1.1,0.00%,6.30%,5.20%,0,0.4,0.4,4.50%,56.00%,52.10%,0.3,3.8,3.6,4.5,4,4.4,3.8,3.8,,,,,,,,
West Bank and Gaza,PSE,Asia,Western Asia,Lower-middle,4.5,1.1,1.8,3.9,94%,147%,325%,28%,45%,98%,0.40%,2.20%,23.80%,0,0.1,1.1,0.00%,0.30%,6.70%,0,0,0.3,1.80%,8.40%,46.80%,0.1,0.4,2.1,2.4,3.3,3.3,3,2.7,,,,,,,,
Qatar,QAT,Asia,Western Asia,High-income,2.7,0.6,1.2,3.1,50%,98%,260%,12%,23%,61%,NA,NA,NA,NA,NA,NA,NA,NA,NA,NA,NA,NA,NA,NA,NA,NA,NA,NA,1.6,3,3.1,2.8,2.7,,,,,,,,
Romania,ROU,Europe,Eastern Europe,Upper-middle,19.6,0.5,2.3,3.3,42%,190%,276%,5%,21%,31%,0.80%,6.40%,11.00%,0.1,1.3,2.2,0.60%,3.50%,5.90%,0.1,0.7,1.2,2.60%,20.50%,36.70%,0.5,4,7.2,2.6,3.1,3.2,2.9,2.6,,,,,,,,
Russian Federation,RUS,Europe,Eastern Europe,Upper-middle,144.5,0.6,2.3,3.4,52%,190%,284%,7%,25%,37%,0.00%,0.50%,2.50%,0,0.7,3.7,0.00%,0.10%,0.40%,0,0.1,0.5,0.10%,11.30%,30.90%,0.1,16.4,44.6,2.6,3.4,3.6,3.1,3,,,,,,,,
Rwanda,RWA,Africa,Sub-Saharan Africa,Low-income,12,0.8,1.3,3.6,64%,109%,301%,53%,91%,250%,23.70%,56.60%,91.10%,2.8,6.8,10.9,6.80%,28.00%,81.30%,0.8,3.4,9.7,36.80%,68.40%,94.20%,4.4,8.2,11.3,1.5,2.7,2.5,2.3,1.7,,,,,,,,
Saudi Arabia,SAU,Asia,Western Asia,High-income,33.1,0.9,1.8,4.1,74%,146%,344%,8%,17%,39%,NA,NA,NA,NA,NA,NA,NA,NA,NA,NA,NA,NA,NA,NA,NA,NA,NA,NA,2.2,4,4.1,3.7,3.6,,,,,,,,
Sudan,SDN,Africa,Northern Africa,Lower-middle,40.8,1.1,2.1,4.2,90%,174%,354%,24%,47%,95%,5.50%,36.00%,81.60%,2.3,14.7,33.3,0.70%,10.40%,52.70%,0.3,4.3,21.5,18.50%,63.50%,93.30%,7.6,25.9,38.1,2.6,3.9,4.1,3.7,3.4,,,,,,,,
Senegal,SEN,Africa,Sub-Saharan Africa,Low-income,15.4,0.7,1.9,3.2,62%,155%,266%,23%,57%,98%,8.00%,49.40%,77.20%,1.2,7.6,11.9,2.70%,25.00%,53.80%,0.4,3.9,8.3,14.60%,63.10%,85.00%,2.3,9.7,13.1,2.3,2.9,2.8,2.8,2.4,,,,,,,,
Singapore,SGP,Asia,South-eastern Asia,High-income,5.6,0.8,2,3.4,63%,169%,281%,15%,40%,66%,NA,NA,NA,NA,NA,NA,NA,NA,NA,NA,NA,NA,NA,NA,NA,NA,NA,NA,2.4,3.4,3.5,3.4,3.5,,,,,,,,
Sierra Leone,SLE,Africa,Sub-Saharan Africa,Low-income,7.5,1.2,2.2,2.8,104%,184%,231%,58%,102%,129%,40.10%,76.60%,85.60%,3,5.7,6.4,11.20%,48.50%,64.10%,0.8,3.6,4.8,56.80%,85.50%,91.30%,4.3,6.4,6.8,2.9,2.9,2.8,2.7,2.4,,,,,,,,
El Salvador,SLV,Americas,Latin America and the Caribbean,Lower-middle,6.4,1.5,5.9,4.7,122%,490%,392%,27%,109%,87%,2.70%,54.70%,41.10%,0.2,3.5,2.6,0.50%,28.40%,17.90%,0,1.8,1.1,8.50%,76.80%,65.00%,0.5,4.9,4.2,6.9,4.6,5.2,3.9,3.9,,,,,,,,
Serbia,SRB,Europe,Southern Europe,Upper-middle,7,0.6,2.7,4.3,51%,227%,362%,9%,41%,65%,3.00%,12.30%,23.90%,0.2,0.9,1.7,2.50%,6.80%,12.30%,0.2,0.5,0.9,5.60%,39.10%,69.00%,0.4,2.7,4.8,3.1,4.1,4.3,3.9,3.9,,,,,,,,
Sao Tome and Principe,STP,Africa,Sub-Saharan Africa,Lower-middle,0.2,0.9,2.5,3.2,75%,211%,267%,19%,54%,68%,18.60%,71.80%,81.30%,0,0.1,0.2,7.60%,46.70%,60.40%,0,0.1,0.1,37.00%,86.30%,90.50%,0.1,0.2,0.2,3.3,3.5,3.5,3.3,3.2,,,,,,,,
Suriname,SUR,Americas,Latin America and the Caribbean,Upper-middle,0.6,1.1,3.4,5.1,95%,284%,428%,14%,41%,62%,NA,NA,NA,NA,NA,NA,NA,NA,NA,NA,NA,NA,NA,NA,NA,NA,NA,NA,4.1,5.2,5.4,5,5,,,,,,,,
Slovak Republic,SVK,Europe,Eastern Europe,High-income,5.4,0.4,2.1,3.3,32%,176%,278%,6%,30%,48%,0.50%,1.30%,2.30%,0,0.1,0.1,0.50%,0.70%,1.30%,0,0,0.1,0.90%,13.00%,40.30%,0,0.7,2.2,2.4,3.4,3.6,3.3,3.3,,,,,,,,
Slovenia,SVN,Europe,Southern Europe,High-income,2.1,0.4,2,3,37%,171%,254%,6%,29%,43%,0.00%,0.00%,0.00%,0,0,0,0.00%,0.00%,0.00%,0,0,0,0.00%,2.20%,10.30%,0,0,0.2,2.5,3,3.1,2.9,2.9,,,,,,,,
Sweden,SWE,Europe,Northern Europe,High-income,10.1,0.8,2.5,2.9,69%,209%,241%,11%,34%,39%,0.10%,0.30%,0.30%,0,0,0,0.10%,0.30%,0.30%,0,0,0,0.40%,3.20%,4.80%,0,0.3,0.5,3,3,3,3,3.1,,,,,,,,
Eswatini,SWZ,Africa,Sub-Saharan Africa,Lower-middle,1.1,0.9,2.2,3.2,78%,187%,268%,15%,37%,52%,15.90%,52.70%,66.40%,0.2,0.6,0.7,5.20%,32.20%,48.70%,0.1,0.4,0.5,31.30%,67.70%,77.80%,0.4,0.8,0.9,2.7,3.2,3.2,3,2.8,,,,,,,,
Sint Maarten (Dutch part),SXM,Americas,Latin America and the Caribbean,High-income,0,2.3,3.9,4.8,188%,330%,401%,42%,74%,90%,NA,NA,NA,NA,NA,NA,NA,NA,NA,NA,NA,NA,NA,NA,NA,NA,NA,NA,4.7,4.7,4.8,4.5,4.5,,,,,,,,
Seychelles,SYC,Africa,Sub-Saharan Africa,High-income,0.1,0.6,2.2,3.8,53%,181%,321%,13%,44%,77%,0.10%,1.40%,5.70%,0,0,0,0.10%,0.70%,1.80%,0,0,0,2.70%,34.30%,71.30%,0,0,0.1,2.6,4.4,4.5,4.5,4.6,,,,,,,,
Turks and Caicos Islands,TCA,Americas,Latin America and the Caribbean,High-income,0,1.1,2.5,3.5,94%,205%,292%,32%,69%,98%,NA,NA,NA,NA,NA,NA,NA,NA,NA,NA,NA,NA,NA,NA,NA,NA,NA,NA,3.2,4,4.2,4.1,4.2,,,,,,,,
Chad,TCD,Africa,Sub-Saharan Africa,Low-income,15,0.7,1.8,3.2,59%,147%,269%,37%,91%,166%,17.40%,57.60%,83.20%,2.6,8.6,12.5,7.00%,33.60%,64.90%,1,5,9.8,25.10%,68.90%,89.40%,3.8,10.3,13.4,2,3.1,3,2.9,2.7,,,,,,,,
Togo,TGO,Africa,Sub-Saharan Africa,Low-income,7.7,1.9,2.3,6.2,162%,193%,519%,144%,172%,461%,66.40%,74.30%,97.30%,5.1,5.7,7.5,44.80%,53.30%,90.60%,3.5,4.1,7,76.20%,81.50%,98.40%,5.9,6.3,7.6,3.1,7.4,7.8,8,8.5,,,,,,,,
Thailand,THA,Asia,South-eastern Asia,Upper-middle,69.2,1,2.9,5,87%,241%,419%,17%,48%,83%,0.00%,2.20%,19.70%,0,1.5,13.6,0.00%,0.20%,3.50%,0,0.1,2.4,0.70%,34.90%,67.70%,0.5,24.2,46.8,3.3,4.1,4.1,4.1,3.8,,,,,,,,
Tajikistan,TJK,Asia,Central Asia,Low-income,8.9,0.9,2.3,3.2,76%,196%,269%,36%,93%,128%,0.80%,16.20%,34.00%,0.1,1.4,3,0.10%,4.50%,11.40%,0,0.4,1,1.80%,28.30%,49.00%,0.2,2.5,4.3,2.8,3.3,3.3,3.1,3.1,,,,,,,,
Trinidad and Tobago,TTO,Americas,Latin America and the Caribbean,High-income,1.4,1,3.1,4.1,84%,262%,342%,13%,40%,52%,0.20%,3.50%,7.30%,0,0,0.1,0.10%,0.80%,1.90%,0,0,0,8.20%,53.00%,67.60%,0.1,0.7,0.9,3.6,4,4.1,3.9,3.8,,,,,,,,
Tunisia,TUN,Africa,Northern Africa,Lower-middle,11.4,0.6,1.9,3.4,50%,157%,288%,11%,35%,63%,0.00%,1.60%,13.30%,0,0.2,1.5,0.00%,0.10%,2.90%,0,0,0.3,0.00%,7.00%,34.80%,0,0.8,4,2.4,3.6,3.5,3.4,3.5,,,,,,,,
Turkey,TUR,Asia,Western Asia,Upper-middle,81.1,0.7,2.4,3.4,61%,198%,287%,10%,32%,47%,0.00%,2.00%,6.70%,0,1.6,5.4,0.00%,0.30%,1.30%,0,0.2,1.1,0.50%,19.30%,37.00%,0.4,15.6,30,2.8,3.6,3.8,3.1,3,,,,,,,,
"Taiwan, China",TWN,Asia,Eastern Asia,High-income,23.6,1.5,3,5,122%,250%,421%,16%,32%,54%,NA,NA,NA,NA,NA,NA,NA,NA,NA,NA,NA,NA,NA,NA,NA,NA,NA,NA,3.3,4.4,4.4,4.3,4.1,,,,,,,,
Tanzania,TZA,Africa,Sub-Saharan Africa,Low-income,54.7,1,1.9,2.7,83%,162%,223%,37%,73%,100%,31.10%,71.80%,84.50%,17,39.3,46.2,8.00%,45.10%,64.50%,4.4,24.7,35.3,46.40%,81.40%,89.90%,25.4,44.5,49.1,2.5,2.5,2.4,2.3,2.1,,,,,,,,
Uganda,UGA,Africa,Sub-Saharan Africa,Low-income,41.2,0.6,1.8,3,54%,150%,251%,43%,118%,197%,7.90%,60.00%,81.70%,3.2,24.7,33.6,1.20%,32.90%,62.50%,0.5,13.5,25.7,15.90%,71.00%,87.60%,6.5,29.2,36,2.3,2.6,2.5,2.4,2.1,,,,,,,,
Uruguay,URY,Americas,Latin America and the Caribbean,High-income,3.4,0.7,2.1,3,58%,178%,247%,9%,29%,40%,0.00%,0.30%,1.30%,0,0,0,0.00%,0.10%,0.20%,0,0,0,1.30%,25.40%,41.50%,0,0.9,1.4,2.5,3.5,3.7,3.4,3.6,,,,,,,,
United States,USA,Americas,Northern America,High-income,325,0.9,2.2,3,76%,185%,248%,13%,32%,42%,1.00%,1.50%,1.50%,3.2,4.9,4.9,1.00%,1.20%,1.20%,3.2,4.1,4.1,2.00%,4.70%,8.50%,6.5,15.4,27.6,2.5,3.2,3.3,3.2,3.3,,,,,,,,
Uzbekistan,UZB,Asia,Central Asia,Lower-middle,32.4,NA,NA,NA,NA,NA,NA,NA,NA,NA,NA,NA,NA,NA,NA,NA,NA,NA,NA,NA,NA,NA,NA,NA,NA,NA,NA,NA,na,NA,NA,NA,NA,,,,,,,,
St. Vincent and the Grenadines,VCT,Americas,Latin America and the Caribbean,Upper-middle,0.1,1.3,3.1,4.7,110%,255%,392%,25%,58%,89%,NA,NA,NA,NA,NA,NA,NA,NA,NA,NA,NA,NA,NA,NA,NA,NA,NA,NA,3.5,6,6.2,6.3,6.6,,,,,,,,
British Virgin Islands,VGB,Americas,Latin America and the Caribbean,High-income,0,1.6,3.1,4,131%,256%,331%,17%,34%,44%,NA,NA,NA,NA,NA,NA,NA,NA,NA,NA,NA,NA,NA,NA,NA,NA,NA,NA,3.7,3.7,3.8,3.6,3.5,,,,,,,,
Vietnam,VNM,Asia,South-eastern Asia,Lower-middle,94.6,1,2.5,4.3,81%,210%,360%,29%,74%,126%,0.50%,10.20%,32.00%,0.5,9.6,30.3,0.10%,3.20%,12.30%,0.1,3,11.7,2.60%,24.40%,58.00%,2.5,23.1,54.9,2.9,3.5,3.5,3.4,3.1,,,,,,,,
South Africa,ZAF,Africa,Sub-Saharan Africa,Upper-middle,57,1.3,3.4,4.3,106%,285%,357%,29%,79%,99%,18.10%,54.10%,61.10%,10.3,30.8,34.8,7.20%,37.00%,45.70%,4.1,21.1,26,47.70%,75.70%,80.20%,27.2,43.1,45.7,4,4.6,4.5,4.7,4.9,,,,,,,,
Zambia,ZMB,Africa,Sub-Saharan Africa,Lower-middle,16.9,1.3,2.4,3.3,107%,199%,276%,75%,140%,195%,57.80%,77.10%,85.00%,9.7,13,14.3,40.90%,62.80%,73.60%,6.9,10.6,12.4,70.30%,86.50%,92.00%,11.9,14.6,15.5,2.6,2.9,2.9,2.8,2.6,,,,,,,,
Zimbabwe,ZWE,Africa,Sub-Saharan Africa,Low-income,14.2,0.8,2.3,4,65%,192%,331%,34%,102%,175%,8.10%,63.20%,82.60%,1.2,9,11.8,0.40%,39.60%,66.60%,0.1,5.6,9.5,17.50%,72.20%,88.20%,2.5,10.3,12.6,2.8,3.4,3.4,3.3,3.1,,,,,,,,
Average,,,,Average,,0.84,2.47,3.69,,,,,,,,,Total,275,"1,695","2,971",,,Total,116,708,"1,745",,,Total,629,"3,255","4,626",Average,3.65,3.75,3.49,3.41,,,,,,,,
Std. deviation,,,,Std. deviation,,0.37,0.66,0.76,,,,,,,,,,,,,,,,,,,,,,,,,,0.87,0.94,0.95,1.07,,,,,,,,
Count,175,172,172,172,175,174,174,174,174,174,174,174,174,174,143,143,143,143,143,143,143,143,143,143,143,143,143,143,143,143,143,143,174,174,174,174,174,,,,,,,,