country_name,country_code,macroregion,subregion,income_classification_2017,population_millions,cost_energy,cost_nutrition,cost_healthy,percent_unafford_energy,percent_unafford_nutrition,percent_unafford_healthy,num_unafford_energy,num_unafford_nutrition,num_unafford_healthy,100_percent_unafford_energy,100_percent_unafford_nutrition,100_percent_unafford_healthy,100_num_unafford_energy,100_num_unafford_nutrition,100_num_unafford_healthy,mean_percent_unafford_energy,mean_percent_unafford_nutrition,mean_percent_unafford_healthy,mean_num_unafford_energy,mean_num_unafford_nutrition,mean_num_unafford_healthy,98_cost_nutrition,cost_flex,cost_pesc,cost_veg,cost_vgn
Angola,AGO,Africa,Sub-Saharan Africa,Lower-middle,29.8,1.4,3.2,4.6,48.1,81.7,90.5,14.3,24.3,27,29.1,64.7,78.0,8.7,19.3,23.3,65.9,91.5,96.2,19.6,27.3,28.7,4,4.2,4.3,4.2,4.1
Albania,ALB,Europe,Southern Europe,Upper-middle,2.9,0.8,2.6,4.3,0.0,14.6,42.0,0.0,0.4,1.2,0.0,3.0,16.1,0.0,0.1,0.5,3.5,61.5,86.1,0.1,1.8,2.5,3,4.2,4.4,3.9,3.7
Argentina,ARG,Americas,Latin America and the Caribbean,High-income,44.0,0.7,2.6,3.5,0.2,4.6,8.6,0.1,2,3.8,0.1,1.8,3.2,0.1,0.8,1.4,5.2,50.9,65.1,2.3,22.4,28.7,3.2,4.7,5.3,4.4,4.4
Armenia,ARM,Asia,Western Asia,Upper-middle,2.9,1.0,2.2,3.6,0.2,8.3,36.6,0.0,0.2,1.1,0.0,1.2,8.9,0.0,0.0,0.3,9.5,63.9,88.3,0.3,1.9,2.6,2.6,3.3,3.2,3.1,3.0
Australia,AUS,Oceania,Australia and New Zealand,High-income,24.6,0.3,1.6,2.3,0.2,0.5,0.7,0.1,0.1,0.2,0.2,0.5,0.5,0.1,0.1,0.1,0.5,1.5,2.5,0.1,0.4,0.6,2,2.2,2.4,2.2,2.3
Austria,AUT,Europe,Western Europe,High-income,8.8,0.3,2.3,2.9,0.2,0.4,0.5,0.0,0,0,0.2,0.3,0.4,0.0,0.0,0,0.3,2.6,4.6,0.0,0.2,0.4,2.8,2.9,3.0,2.8,2.9
Azerbaijan,AZE,Asia,Western Asia,Upper-middle,9.9,0.8,1.8,2.8,0.0,0.0,0.0,0.0,0,0,0.0,0.0,0.0,0.0,0.0,0,0.0,0.0,2.2,0.0,0,0.2,2.2,2.7,2.7,2.5,2.4
Burundi,BDI,Africa,Sub-Saharan Africa,Low-income,10.8,0.7,1.6,3.4,42.5,84.8,97.2,4.6,9.2,10.5,16.3,65.8,92.1,1.8,7.1,10,58.5,90.4,98.5,6.3,9.8,10.7,2.1,2.9,2.9,2.4,2.0
Belgium,BEL,Europe,Western Europe,High-income,11.4,0.3,2.4,2.9,0.1,0.2,0.3,0.0,0,0,0.1,0.2,0.2,0.0,0.0,0,0.1,3.2,5.4,0.0,0.4,0.6,3.1,3.2,3.6,2.8,2.9
Benin,BEN,Africa,Sub-Saharan Africa,Low-income,11.2,0.7,2.5,3.5,19.5,82.4,89.6,2.2,9.2,10,15.4,59.2,75.3,1.7,6.6,8.4,24.4,88.2,91.9,2.7,9.9,10.3,3.2,3.3,3.3,3.1,2.8
Burkina Faso,BFA,Africa,Sub-Saharan Africa,Low-income,19.2,0.6,2.5,3.5,0.8,80.2,90.0,0.2,15.4,17.3,0.0,53.9,73.9,0.0,10.3,14.2,4.2,87.2,93.7,0.8,16.7,18,3.3,5.2,5.1,5.4,5.6
Bangladesh,BGD,Asia,Southern Asia,Lower-middle,159.7,0.6,1.9,3.4,0.2,37.5,77.6,0.3,59.9,123.9,0.0,8.7,46.4,0.0,13.8,74.1,2.7,67.5,91.3,4.3,107.7,145.8,2.4,3.0,3.2,2.5,2.3
Bulgaria,BGR,Europe,Eastern Europe,Upper-middle,7.1,0.5,2.8,4.2,0.1,5.3,9.3,0.0,0.4,0.7,0.1,2.1,4.8,0.0,0.1,0.3,1.1,20.1,41.4,0.1,1.4,2.9,3.4,4.0,4.3,3.8,3.7
Bosnia and Herzegovina,BIH,Europe,Southern Europe,Upper-middle,3.4,0.7,3.1,4.3,0.0,1.3,3.6,0.0,0,0.1,0.0,0.2,0.8,0.0,0.0,0,0.1,15.0,30.3,0.0,0.5,1,3.8,4.2,4.4,3.9,3.9
Belarus,BLR,Europe,Eastern Europe,Upper-middle,9.5,0.8,2.2,4.1,0.0,0.0,1.0,0.0,0,0.1,0.0,0.0,0.1,0.0,0.0,0,0.0,2.6,30.7,0.0,0.2,2.9,2.6,3.5,3.5,3.4,3.4
Belize,BLZ,Americas,Latin America and the Caribbean,Upper-middle,0.4,1.1,2.8,2.9,10.8,37.0,38.1,0.0,0.1,0.1,6.0,19.7,20.2,0.0,0.1,0.1,32.1,72.4,74.0,0.1,0.3,0.3,3.7,3.0,3.1,2.9,2.8
Bolivia,BOL,Americas,Latin America and the Caribbean,Lower-middle,11.2,1.5,3.3,3.8,7.4,21.5,25.5,0.8,2.4,2.9,4.4,11.8,13.7,0.5,1.3,1.5,12.3,36.1,41.1,1.4,4,4.6,4.1,4.4,4.9,3.8,3.7
Brazil,BRA,Americas,Latin America and the Caribbean,Upper-middle,207.8,0.8,2.7,2.8,2.1,12.0,13.0,4.3,24.9,27,0.8,6.2,6.7,1.7,12.9,14,7.5,36.0,38.3,15.6,74.8,79.6,3.1,3.4,3.7,3.2,3.3
Bhutan,BTN,Asia,Southern Asia,Lower-middle,0.7,1.0,2.8,4.8,0.5,22.6,52.1,0.0,0.2,0.4,0.0,5.7,26.3,0.0,0.0,0.2,3.5,44.3,72.7,0.0,0.3,0.5,3.6,4.2,4.1,3.9,3.8
Botswana,BWA,Africa,Sub-Saharan Africa,Upper-middle,2.2,0.5,2.2,4.0,0.8,37.1,60.2,0.0,0.8,1.3,0.2,17.0,42.0,0.0,0.4,0.9,10.3,69.1,84.2,0.2,1.5,1.9,3,4.4,4.6,4.3,4.3
Central African Republic,CAF,Africa,Sub-Saharan Africa,Low-income,4.6,1.0,1.7,3.3,62.8,81.1,93.0,2.9,3.7,4.3,40.6,65.0,85.2,1.9,3.0,3.9,71.5,86.1,95.3,3.3,4,4.4,2.6,3.3,3.3,3.0,2.5
Canada,CAN,Americas,Northern America,High-income,36.5,0.7,2.1,3.0,0.0,0.5,0.5,0.0,0.2,0.2,0.0,0.2,0.5,0.0,0.1,0.2,0.5,2.2,5.5,0.2,0.8,2,2.6,2.9,3.0,2.9,2.8
Switzerland,CHE,Europe,Western Europe,High-income,8.5,0.4,2.1,2.5,0.0,0.0,0.0,0.0,0,0,0.0,0.0,0.0,0.0,0.0,0,0.0,0.8,1.9,0.0,0.1,0.2,2.5,2.7,3.0,2.4,2.5
Chile,CHL,Americas,Latin America and the Caribbean,High-income,18.5,0.6,2.1,3.1,0.2,0.6,1.8,0.0,0.1,0.3,0.1,0.3,0.5,0.0,0.1,0.1,1.1,33.0,55.7,0.2,6.1,10.3,2.3,3.0,3.1,3.0,3.0
China,CHN,Asia,Eastern Asia,Upper-middle,1386.4,0.8,2.1,3.6,0.1,3.2,17.9,1.1,44.7,248.8,0.0,0.4,4.4,0.4,5.3,60.4,2.1,31.2,61.3,29.0,433.2,849.9,2.7,2.8,2.8,2.7,2.4
Cote d'Ivoire,CIV,Africa,Sub-Saharan Africa,Lower-middle,24.4,0.8,1.6,2.9,9.4,36.9,68.8,2.3,9,16.8,3.0,15.5,43.9,0.7,3.8,10.7,22.2,59.2,84.5,5.4,14.5,20.7,2.2,3.0,3.0,2.8,2.5
Cameroon,CMR,Africa,Sub-Saharan Africa,Lower-middle,24.6,0.9,2.1,3.6,11.0,41.8,66.4,2.7,10.3,16.3,3.0,23.6,45.9,0.7,5.8,11.3,24.7,59.4,81.7,6.1,14.6,20.1,2.8,3.0,2.8,2.7,2.1
"Congo, Dem. Rep.",COD,Africa,Sub-Saharan Africa,Low-income,81.4,0.6,2.0,3.2,28.7,87.4,95.5,23.4,71.2,77.7,11.4,72.2,87.4,9.3,58.8,71.1,40.3,92.3,97.5,32.8,75.1,79.4,3.1,2.9,2.7,2.5,2.1
"Congo, Rep.",COG,Africa,Sub-Saharan Africa,Lower-middle,5.1,1.0,2.6,3.9,36.0,77.9,90.0,1.8,4,4.6,18.9,58.6,75.5,1.0,3.0,3.9,54.1,89.8,95.2,2.8,4.6,4.9,3.1,3.7,3.6,3.7,3.4
Colombia,COL,Americas,Latin America and the Caribbean,Upper-middle,48.9,1.0,2.6,3.3,2.6,15.3,22.4,1.3,7.5,11,1.3,6.3,9.7,0.6,3.1,4.8,12.2,48.2,59.0,6.0,23.6,28.8,3.1,3.2,3.4,3.1,2.9
Comoros,COM,Africa,Sub-Saharan Africa,Low-income,0.8,1.1,3.5,3.4,14.8,60.9,60.2,0.1,0.5,0.5,6.0,38.8,37.5,0.0,0.3,0.3,20.5,70.9,69.2,0.2,0.6,0.6,4.3,4.4,4.5,4.5,4.5
Cape Verde,CPV,Africa,Sub-Saharan Africa,Lower-middle,0.5,0.6,2.5,3.4,0.2,19.0,32.4,0.0,0.1,0.2,0.0,5.7,12.6,0.0,0.0,0.1,0.8,37.6,53.1,0.0,0.2,0.3,3,3.4,3.5,3.1,3.0
Costa Rica,CRI,Americas,Latin America and the Caribbean,Upper-middle,4.9,0.9,2.7,3.9,0.5,4.9,10.6,0.0,0.2,0.5,0.3,1.8,3.7,0.0,0.1,0.2,2.7,25.6,42.2,0.1,1.3,2.1,3.1,4.0,4.3,4.0,4.1
Cyprus,CYP,Asia,Western Asia,High-income,1.2,0.6,2.1,3.1,0.0,0.1,0.1,0.0,0,0,0.0,0.0,0.1,0.0,0.0,0,0.1,2.2,10.6,0.0,0,0.1,2.5,3.0,3.2,2.9,2.8
Czech Republic,CZE,Europe,Eastern Europe,High-income,10.6,0.4,2.4,3.1,0.0,0.1,0.2,0.0,0,0,0.0,0.0,0.1,0.0,0.0,0,0.1,6.1,16.0,0.0,0.6,1.7,2.8,3.1,3.2,3.0,3.1
Germany,DEU,Europe,Western Europe,High-income,82.7,0.3,2.3,2.8,0.0,0.2,0.2,0.0,0.2,0.2,0.0,0.2,0.2,0.0,0.2,0.2,0.0,3.0,5.0,0.0,2.5,4.1,2.7,2.7,2.9,2.6,2.7
Djibouti,DJI,Africa,Sub-Saharan Africa,Lower-middle,0.9,0.6,2.5,3.5,3.3,46.2,66.7,0.0,0.4,0.6,1.3,22.1,40.2,0.0,0.2,0.4,8.3,68.4,84.9,0.1,0.6,0.8,3.1,4.3,4.5,4.2,4.3
Denmark,DNK,Europe,Northern Europe,High-income,5.8,0.3,1.7,2.4,0.1,0.1,0.2,0.0,0,0,0.0,0.1,0.1,0.0,0.0,0,0.1,0.4,1.1,0.0,0,0.1,2.1,2.5,2.6,2.5,2.6
Dominican Republic,DOM,Americas,Latin America and the Caribbean,Upper-middle,10.5,1.2,2.9,4.0,0.6,7.9,18.6,0.1,0.8,2,0.3,2.1,5.8,0.0,0.2,0.6,6.6,43.6,64.3,0.7,4.6,6.8,3.6,4.1,4.4,3.9,3.8
Algeria,DZA,Africa,Northern Africa,Upper-middle,41.4,0.8,2.3,4.0,0.1,3.0,25.6,0.0,1.2,10.6,0.1,0.5,4.5,0.0,0.2,1.9,0.9,46.8,85.8,0.4,19.4,35.5,3.2,4.2,4.2,3.7,3.8
Ecuador,ECU,Americas,Latin America and the Caribbean,Upper-middle,16.8,1.3,2.5,3.2,3.4,10.9,17.1,0.6,1.8,2.9,1.4,4.4,7.2,0.2,0.7,1.2,16.0,41.2,53.4,2.7,6.9,9,3,3.2,3.4,2.9,2.8
"Egypt, Arab Rep.",EGY,Africa,Northern Africa,Lower-middle,96.4,1.0,2.3,4.1,0.7,27.0,75.2,0.7,26,72.5,0.0,4.7,39.1,0.0,4.5,37.7,5.4,60.6,90.7,5.2,58.5,87.4,2.9,4.1,3.8,3.8,3.4
Spain,ESP,Europe,Southern Europe,High-income,46.6,0.4,1.8,2.7,0.5,1.0,1.5,0.2,0.4,0.7,0.5,0.6,0.9,0.2,0.3,0.4,1.0,7.6,16.9,0.5,3.6,7.9,2,2.9,3.1,2.7,2.8
Estonia,EST,Europe,Northern Europe,High-income,1.3,0.4,2.6,3.3,0.1,0.6,0.8,0.0,0,0,0.1,0.4,0.5,0.0,0.0,0,0.5,12.4,22.8,0.0,0.2,0.3,2.9,3.4,3.4,3.3,3.5
Ethiopia,ETH,Africa,Sub-Saharan Africa,Low-income,106.4,0.7,2.0,3.6,5.6,53.0,87.4,6.0,56.4,93,0.7,22.6,65.2,0.7,24.0,69.3,10.9,71.5,92.2,11.6,76.1,98.1,2.4,3.3,3.0,3.0,2.7
Finland,FIN,Europe,Northern Europe,High-income,5.5,0.3,2.5,2.6,0.1,0.1,0.1,0.0,0,0,0.1,0.1,0.1,0.0,0.0,0,0.1,1.2,1.4,0.0,0.1,0.1,2.7,2.9,2.9,2.9,3.0
Fiji,FJI,Oceania,Melanesia,Upper-middle,0.9,0.8,2.6,4.0,0.0,7.5,28.7,0.0,0.1,0.3,0.0,0.9,6.9,0.0,0.0,0.1,1.9,54.7,78.5,0.0,0.5,0.7,3.1,3.8,3.8,3.5,3.3
France,FRA,Europe,Western Europe,High-income,66.9,0.3,1.9,3.0,0.0,0.0,0.0,0.0,0,0,0.0,0.0,0.0,0.0,0.0,0,0.0,1.0,5.6,0.0,0.7,3.8,2.3,2.9,3.0,2.8,2.9
Gabon,GAB,Africa,Sub-Saharan Africa,Upper-middle,2.1,1.0,2.6,3.8,1.2,15.2,32.0,0.0,0.3,0.7,0.3,5.7,12.8,0.0,0.1,0.3,10.4,56.4,75.7,0.2,1.2,1.6,3,3.4,3.4,3.5,3.4
United Kingdom,GBR,Europe,Northern Europe,High-income,66.1,0.3,1.5,1.9,0.1,0.3,0.4,0.1,0.2,0.3,0.1,0.3,0.3,0.0,0.2,0.2,0.3,1.9,3.0,0.2,1.3,2,1.8,1.9,1.9,1.8,1.8
Ghana,GHA,Africa,Sub-Saharan Africa,Lower-middle,29.1,0.8,2.5,4.3,5.3,34.3,60.9,1.5,10,17.7,2.1,17.5,37.4,0.6,5.1,10.9,11.1,54.0,78.4,3.2,15.7,22.8,3.4,3.8,3.9,3.7,3.2
Guinea,GIN,Africa,Sub-Saharan Africa,Low-income,12.1,0.9,2.2,4.1,8.9,59.4,90.3,1.1,7.2,10.9,2.1,28.2,70.1,0.3,3.4,8.5,17.6,73.5,94.9,2.1,8.9,11.4,2.6,6.0,6.1,6.7,7.3
"Gambia, The",GMB,Africa,Sub-Saharan Africa,Low-income,2.2,1.0,2.5,3.8,3.9,47.7,73.1,0.1,1.1,1.6,0.4,17.8,44.6,0.0,0.4,1,8.4,61.6,83.5,0.2,1.4,1.8,3.3,3.5,3.4,3.4,3.0
Guinea-Bissau,GNB,Africa,Sub-Saharan Africa,Low-income,1.8,0.9,1.9,3.8,45.3,78.2,92.6,0.8,1.4,1.7,22.3,58.8,85.0,0.4,1.1,1.6,58.2,84.5,94.8,1.1,1.5,1.7,2.6,3.9,3.8,4.1,4.0
Greece,GRC,Europe,Southern Europe,High-income,10.8,0.7,2.6,3.1,0.5,2.0,2.9,0.0,0.2,0.3,0.4,1.1,1.3,0.0,0.1,0.1,2.5,38.4,50.0,0.3,4.1,5.4,3,3.3,3.5,3.0,3.0
Guyana,GUY,Americas,Latin America and the Caribbean,Upper-middle,0.8,0.7,3.6,4.8,4.0,25.4,39.3,0.0,0.2,0.3,3.1,13.0,18.9,0.0,0.1,0.1,9.1,67.6,79.6,0.1,0.5,0.6,4.1,5.0,5.1,5.0,5.1
Honduras,HND,Americas,Latin America and the Caribbean,Lower-middle,9.4,1.1,3.5,3.6,12.8,47.0,48.9,1.2,4.4,4.6,5.7,29.2,30.7,0.5,2.8,2.9,21.8,64.5,66.1,2.1,6.1,6.2,4.5,3.5,3.6,3.2,3.0
Croatia,HRV,Europe,Southern Europe,High-income,4.1,0.7,3.3,4.4,0.3,2.5,5.3,0.0,0.1,0.2,0.3,1.0,1.9,0.0,0.0,0.1,1.9,51.4,74.3,0.1,2.1,3.1,3.7,4.4,4.5,4.2,4.3
Haiti,HTI,Americas,Latin America and the Caribbean,Low-income,11.0,1.1,2.9,4.7,14.4,60.7,82.2,1.6,6.7,9,4.6,35.2,61.3,0.5,3.9,6.7,22.8,72.1,89.1,2.5,7.9,9.8,3.7,4.7,5.3,3.8,3.5
Hungary,HUN,Europe,Eastern Europe,High-income,9.8,0.5,2.3,3.7,0.3,1.3,3.0,0.0,0.1,0.3,0.2,0.7,1.3,0.0,0.1,0.1,0.9,25.5,58.5,0.1,2.5,5.7,2.7,3.5,3.7,3.3,3.3
Indonesia,IDN,Asia,South-eastern Asia,Lower-middle,264.6,1.0,2.7,5.1,1.1,35.6,71.3,2.8,94.2,188.7,0.0,12.2,46.2,0.1,32.4,122.3,8.8,58.7,87.2,23.2,155.3,230.7,3.1,4.3,4.4,4.5,4.4
India,IND,Asia,Southern Asia,Lower-middle,1338.7,0.8,2.1,3.2,0.7,42.7,71.5,8.8,571.1,956.9,0.1,11.6,39.1,0.8,154.8,523.6,6.7,70.4,87.9,89.3,942.8,"1,176.40",2.6,3.0,3.0,2.7,2.6
Ireland,IRL,Europe,Northern Europe,High-income,4.8,0.6,2.1,2.5,0.2,0.3,0.3,0.0,0,0,0.2,0.2,0.2,0.0,0.0,0,0.3,1.0,2.2,0.0,0,0.1,2.5,2.6,2.7,2.6,2.6
"Iran, Islamic Rep.",IRN,Asia,Southern Asia,Upper-middle,80.7,0.9,2.0,3.5,0.0,2.2,10.5,0.0,1.8,8.5,0.0,0.3,2.8,0.0,0.3,2.3,2.1,19.8,47.7,1.7,16,38.5,2.4,3.9,4.2,3.4,3.4
Iraq,IRQ,Asia,Western Asia,Upper-middle,37.6,1.2,2.5,3.9,0.7,18.2,50.8,0.3,6.9,19.1,0.0,3.3,17.6,0.0,1.2,6.6,21.3,76.3,93.4,8.0,28.7,35.1,3,3.7,3.6,3.3,3.1
Iceland,ISL,Europe,Northern Europe,High-income,0.3,0.4,2.5,2.4,0.0,0.0,0.0,0.0,0,0,0.0,0.0,0.0,0.0,0.0,0,0.0,0.7,0.6,0.0,0,0,2.8,2.6,2.8,2.3,2.3
Israel,ISR,Asia,Western Asia,High-income,8.7,0.5,1.9,2.7,0.0,0.5,1.0,0.0,0,0.1,0.0,0.2,0.2,0.0,0.0,0,0.7,14.5,23.7,0.1,1.3,2.1,2.3,2.4,2.4,2.1,2.0
Italy,ITA,Europe,Southern Europe,High-income,60.5,0.3,2.3,3.1,1.0,1.9,2.5,0.6,1.1,1.5,0.9,1.4,1.6,0.6,0.9,1,1.4,9.8,17.7,0.9,5.9,10.7,2.7,2.9,3.1,2.8,2.8
Jamaica,JAM,Americas,Latin America and the Caribbean,Upper-middle,2.9,1.0,4.1,5.5,0.9,34.5,52.4,0.0,1,1.5,0.1,14.5,26.3,0.0,0.4,0.8,10.9,74.2,84.2,0.3,2.2,2.5,5.2,4.6,4.8,4.7,4.5
Jordan,JOR,Asia,Western Asia,Upper-middle,9.8,0.6,1.6,4.1,0.0,0.4,19.9,0.0,0,1.9,0.0,0.0,3.1,0.0,0.0,0.3,0.2,13.3,75.3,0.0,1.3,7.4,2,3.7,3.7,3.3,3.0
Japan,JPN,Asia,Eastern Asia,High-income,126.8,3.0,3.6,5.2,0.9,1.2,1.6,1.2,1.5,2,0.9,0.9,0.9,1.2,1.2,1.2,8.2,14.7,33.7,10.4,18.6,42.8,4.1,5.7,6.0,5.4,5.6
Kazakhstan,KAZ,Asia,Central Asia,Upper-middle,18.0,0.7,1.8,2.8,0.0,0.1,1.2,0.0,0,0.2,0.0,0.0,0.1,0.0,0.0,0,0.0,8.3,42.0,0.0,1.5,7.6,2.1,2.6,2.6,2.5,2.4
Kenya,KEN,Africa,Sub-Saharan Africa,Lower-middle,50.2,0.8,1.9,3.1,10.7,55.2,79.0,5.4,27.7,39.7,2.7,28.9,57.8,1.3,14.5,29,27.6,74.6,90.8,13.8,37.5,45.6,2.4,2.8,2.6,2.5,2.2
Kyrgyz Republic,KGZ,Asia,Central Asia,Lower-middle,6.2,1.0,2.5,3.6,0.3,22.4,57.6,0.0,1.4,3.6,0.0,2.5,17.5,0.0,0.2,1.1,1.7,58.0,84.2,0.1,3.6,5.2,2.8,3.3,3.2,3.2,3.1
"Korea, Rep.",KOR,Asia,Eastern Asia,High-income,51.4,0.7,4.3,4.9,0.0,1.0,1.2,0.0,0.5,0.6,0.0,0.5,0.5,0.0,0.3,0.3,0.5,26.0,33.0,0.3,13.4,16.9,4.9,5.0,4.9,4.8,4.9
Lao PDR,LAO,Asia,South-eastern Asia,Lower-middle,7.0,0.7,2.9,5.0,0.6,57.4,83.7,0.0,4,5.8,0.0,27.6,62.6,0.0,1.9,4.3,5.2,78.2,93.3,0.4,5.4,6.5,3.5,4.0,4.2,3.8,3.4
Liberia,LBR,Africa,Sub-Saharan Africa,Low-income,4.7,1.0,3.0,5.1,27.0,87.5,97.6,1.3,4.1,4.6,7.6,67.7,89.3,0.4,3.2,4.2,39.9,92.9,98.8,1.9,4.4,4.6,3.6,3.8,3.7,3.7,3.1
St. Lucia,LCA,Americas,Latin America and the Caribbean,Upper-middle,0.2,1.1,2.7,3.5,3.7,13.0,17.7,0.0,0,0,2.8,6.9,9.7,0.0,0.0,0,11.5,34.0,44.6,0.0,0.1,0.1,3.5,3.7,3.9,3.6,3.6
Sri Lanka,LKA,Asia,Southern Asia,Lower-middle,21.4,1.0,2.2,4.1,0.1,10.7,45.4,0.0,2.3,9.7,0.0,1.3,16.4,0.0,0.3,3.5,1.4,31.8,70.4,0.3,6.8,15.1,2.5,4.2,4.1,3.9,3.9
Lesotho,LSO,Africa,Sub-Saharan Africa,Lower-middle,2.1,0.6,2.3,4.2,6.4,51.5,76.9,0.1,1.1,1.6,1.6,32.0,57.8,0.0,0.7,1.2,14.7,69.2,89.5,0.3,1.4,1.9,2.7,3.9,4.1,3.6,3.5
Lithuania,LTU,Europe,Northern Europe,High-income,2.8,0.5,2.0,3.2,0.8,1.3,2.9,0.0,0,0.1,0.8,1.0,1.3,0.0,0.0,0,1.5,15.5,41.4,0.0,0.4,1.2,2.4,3.1,3.3,3.1,3.1
Luxembourg,LUX,Europe,Western Europe,High-income,0.6,0.3,2.0,2.5,0.1,0.3,0.4,0.0,0,0,0.1,0.3,0.3,0.0,0.0,0,0.3,2.2,2.9,0.0,0,0,2.5,2.4,2.4,2.3,2.4
Latvia,LVA,Europe,Northern Europe,High-income,1.9,0.4,2.1,3.3,0.1,1.4,2.6,0.0,0,0.1,0.1,0.7,1.4,0.0,0.0,0,1.1,17.5,46.2,0.0,0.3,0.9,2.4,3.4,3.6,3.3,3.3
Morocco,MAR,Africa,Northern Africa,Lower-middle,35.6,0.6,1.9,2.9,0.0,3.5,13.7,0.0,1.3,4.9,0.0,0.5,2.9,0.0,0.2,1,0.1,13.1,34.4,0.0,4.7,12.3,2.5,2.8,2.8,2.7,2.6
Moldova,MDA,Europe,Eastern Europe,Lower-middle,2.8,0.8,1.7,2.9,0.0,0.2,4.7,0.0,0,0.1,0.0,0.0,0.3,0.0,0.0,0,0.0,2.1,24.7,0.0,0.1,0.7,2,2.8,2.8,2.7,2.5
Madagascar,MDG,Africa,Sub-Saharan Africa,Low-income,25.6,1.1,2.6,3.5,70.3,93.6,96.7,18.0,23.9,24.7,44.6,84.6,91.0,11.4,21.6,23.3,79.1,96.2,98.0,20.2,24.6,25,3.1,3.2,3.0,2.9,2.5
Maldives,MDV,Asia,Southern Asia,Upper-middle,0.5,0.4,2.7,3.6,0.0,0.5,2.7,0.0,0,0,0.0,0.1,0.3,0.0,0.0,0,0.0,15.2,32.5,0.0,0.1,0.2,3,4.4,4.6,4.4,4.5
Mexico,MEX,Americas,Latin America and the Caribbean,Upper-middle,124.8,0.7,2.6,3.3,0.4,10.3,17.9,0.4,12.8,22.4,0.1,3.2,5.9,0.2,4.0,7.4,2.7,46.4,60.2,3.4,58,75.1,2.9,3.1,3.2,3.0,3.0
North Macedonia,MKD,Europe,Southern Europe,Upper-middle,2.1,0.7,3.0,3.7,2.3,13.9,18.2,0.0,0.3,0.4,1.0,7.4,9.8,0.0,0.2,0.2,5.9,46.4,60.2,0.1,1,1.3,3.5,3.5,3.7,3.2,3.1
Mali,MLI,Africa,Sub-Saharan Africa,Low-income,18.5,0.6,2.0,3.3,4.6,70.9,90.6,0.8,13.1,16.8,0.8,41.7,72.8,0.1,7.7,13.5,11.3,81.7,95.1,2.1,15.1,17.6,2.6,2.8,2.6,2.5,2.1
Malta,MLT,Europe,Southern Europe,High-income,0.5,0.8,2.7,3.9,0.1,0.2,0.3,0.0,0,0,0.1,0.2,0.2,0.0,0.0,0,0.3,5.7,16.8,0.0,0,0.1,3,4.0,4.4,3.7,3.8
Myanmar,MMR,Asia,South-eastern Asia,Lower-middle,53.4,0.9,2.6,3.7,0.2,24.7,51.9,0.1,13.2,27.7,0.0,4.4,17.5,0.0,2.4,9.4,1.6,56.5,79.7,0.9,30.1,42.5,3,3.5,3.6,3.3,3.4
Montenegro,MNE,Europe,Southern Europe,Upper-middle,0.6,0.6,2.3,3.8,1.3,6.2,14.9,0.0,0,0.1,1.2,2.8,6.2,0.0,0.0,0,2.3,24.0,46.9,0.0,0.1,0.3,2.8,3.9,4.2,3.5,3.6
Mongolia,MNG,Asia,Eastern Asia,Lower-middle,3.1,0.7,2.3,4.6,0.0,6.6,43.2,0.0,0.2,1.3,0.0,0.8,15.0,0.0,0.0,0.5,0.1,22.4,70.1,0.0,0.7,2.2,2.8,5.0,5.6,4.7,4.7
Mozambique,MOZ,Africa,Sub-Saharan Africa,Low-income,28.6,0.4,2.0,3.5,8.5,78.0,90.6,2.4,22.4,26,2.6,59.8,81.4,0.7,17.1,23.3,14.3,84.3,93.5,4.1,24.1,26.8,2.7,3.2,3.1,3.0,2.6
Mauritania,MRT,Africa,Sub-Saharan Africa,Lower-middle,4.3,0.9,2.8,4.4,1.6,38.1,68.0,0.1,1.6,2.9,0.2,13.9,37.7,0.0,0.6,1.6,5.8,64.6,88.3,0.2,2.8,3.8,3.5,3.7,3.7,3.6,3.3
Mauritius,MUS,Africa,Sub-Saharan Africa,Upper-middle,1.3,0.8,2.5,3.7,0.0,3.3,12.0,0.0,0,0.2,0.0,0.5,2.6,0.0,0.0,0,1.1,33.1,60.5,0.0,0.4,0.8,3,4.5,4.5,4.6,4.8
Malawi,MWI,Africa,Sub-Saharan Africa,Low-income,17.7,0.3,1.6,2.7,1.3,79.0,92.8,0.2,14,16.4,0.2,55.1,81.2,0.0,9.7,14.3,3.3,86.4,95.5,0.6,15.3,16.9,2.2,2.5,2.4,2.2,2.0
Malaysia,MYS,Asia,South-eastern Asia,Upper-middle,31.1,0.9,2.4,4.0,0.0,0.3,2.8,0.0,0.1,0.9,0.0,0.0,0.4,0.0,0.0,0.1,0.1,7.2,24.1,0.0,2.3,7.5,2.6,3.5,3.6,3.5,3.3
Namibia,NAM,Africa,Sub-Saharan Africa,Upper-middle,2.4,1.0,1.8,3.2,9.8,25.3,46.0,0.2,0.6,1.1,3.5,12.4,28.6,0.1,0.3,0.7,33.1,56.1,73.8,0.8,1.3,1.8,2.3,3.0,2.9,2.9,2.7
Niger,NER,Africa,Sub-Saharan Africa,Low-income,21.6,0.6,1.7,3.6,5.4,58.4,91.9,1.2,12.6,19.9,0.6,28.8,77.4,0.1,6.2,16.7,10.5,73.0,95.8,2.3,15.8,20.7,2.2,2.9,2.9,2.6,2.1
Nigeria,NGA,Africa,Sub-Saharan Africa,Lower-middle,190.9,1.4,2.1,3.4,44.9,69.9,89.1,85.6,133.4,170.1,20.2,42.7,70.3,38.6,81.5,134.2,68.5,86.9,96.4,130.8,165.9,184,2.7,3.5,3.5,3.2,3.1
Nicaragua,NIC,Americas,Latin America and the Caribbean,Lower-middle,6.4,1.4,2.6,3.5,3.4,14.8,27.8,0.2,0.9,1.8,0.9,5.1,10.1,0.1,0.3,0.6,9.2,31.2,46.9,0.6,2,3,3.1,3.9,4.3,3.3,3.1
Netherlands,NLD,Europe,Western Europe,High-income,17.1,0.3,1.8,2.8,0.0,0.2,0.3,0.0,0,0.1,0.0,0.1,0.2,0.0,0.0,0,0.2,1.1,3.2,0.0,0.2,0.5,2.3,2.7,2.9,2.7,2.9
Norway,NOR,Europe,Northern Europe,High-income,5.3,1.1,2.8,3.5,0.2,0.4,0.5,0.0,0,0,0.2,0.3,0.3,0.0,0.0,0,0.6,2.1,3.5,0.0,0.1,0.2,3.2,2.7,2.7,2.7,2.6
Nepal,NPL,Asia,Southern Asia,Low-income,27.6,1.0,2.6,3.8,2.0,44.2,72.1,0.5,12.2,19.9,0.2,13.5,40.2,0.1,3.7,11.1,4.8,60.9,83.0,1.3,16.8,22.9,3.1,4.1,4.2,3.5,3.5
Pakistan,PAK,Asia,Southern Asia,Lower-middle,207.9,0.8,1.9,3.8,0.0,24.1,75.3,0.1,50.1,156.5,0.0,2.7,41.7,0.0,5.7,86.7,1.8,56.5,90.7,3.7,117.5,188.5,2.3,3.6,3.6,3.3,3.2
Panama,PAN,Americas,Latin America and the Caribbean,High-income,4.1,1.1,3.2,4.9,1.9,11.4,19.8,0.1,0.5,0.8,0.8,5.4,10.7,0.0,0.2,0.4,19.2,59.4,76.2,0.8,2.4,3.1,4,5.4,5.8,5.1,5.0
Peru,PER,Americas,Latin America and the Caribbean,Upper-middle,31.4,0.9,2.2,3.6,1.3,10.3,22.4,0.4,3.2,7.1,0.3,4.2,10.5,0.1,1.3,3.3,8.8,36.4,60.1,2.8,11.4,18.9,2.7,3.4,3.7,3.1,3.0
Philippines,PHL,Asia,South-eastern Asia,Lower-middle,105.2,1.2,2.8,4.1,3.3,42.6,64.2,3.5,44.8,67.6,0.2,16.4,36.9,0.2,17.2,38.8,15.0,65.9,81.9,15.8,69.3,86.1,3.2,3.6,3.5,3.5,3.4
Poland,POL,Europe,Eastern Europe,High-income,38.0,0.4,2.0,3.1,0.0,0.0,0.4,0.0,0,0.2,0.0,0.0,0.0,0.0,0.0,0,0.0,30.7,64.3,0.0,11.6,24.4,2.3,3.4,3.6,3.3,3.3
Portugal,PRT,Europe,Southern Europe,High-income,10.3,0.4,1.9,2.7,0.1,0.5,0.9,0.0,0,0.1,0.1,0.4,0.4,0.0,0.0,0,0.5,10.8,26.3,0.0,1.1,2.7,2.2,2.8,3.0,2.7,2.7
Paraguay,PRY,Americas,Latin America and the Caribbean,Upper-middle,6.9,0.9,3.9,3.6,0.1,17.9,15.4,0.0,1.2,1.1,0.0,6.3,5.2,0.0,0.4,0.4,4.5,56.0,52.1,0.3,3.8,3.6,4.5,4.0,4.4,3.8,3.8
West Bank and Gaza,PSE,Asia,Western Asia,Lower-middle,4.5,1.1,1.8,3.9,0.4,2.2,23.8,0.0,0.1,1.1,0.0,0.3,6.7,0.0,0.0,0.3,1.8,8.4,46.8,0.1,0.4,2.1,2.4,3.3,3.3,3.0,2.7
Romania,ROU,Europe,Eastern Europe,Upper-middle,19.6,0.5,2.3,3.3,0.8,6.4,11.0,0.1,1.3,2.2,0.6,3.5,5.9,0.1,0.7,1.2,2.6,20.5,36.7,0.5,4,7.2,2.6,3.1,3.2,2.9,2.6
Russian Federation,RUS,Europe,Eastern Europe,Upper-middle,144.5,0.6,2.3,3.4,0.0,0.5,2.5,0.0,0.7,3.7,0.0,0.1,0.4,0.0,0.1,0.5,0.1,11.3,30.9,0.1,16.4,44.6,2.6,3.4,3.6,3.1,3.0
Rwanda,RWA,Africa,Sub-Saharan Africa,Low-income,12.0,0.8,1.3,3.6,23.7,56.6,91.1,2.8,6.8,10.9,6.8,28.0,81.3,0.8,3.4,9.7,36.8,68.4,94.2,4.4,8.2,11.3,1.5,2.7,2.5,2.3,1.7
Sudan,SDN,Africa,Northern Africa,Lower-middle,40.8,1.1,2.1,4.2,5.5,36.0,81.6,2.3,14.7,33.3,0.7,10.4,52.7,0.3,4.3,21.5,18.5,63.5,93.3,7.6,25.9,38.1,2.6,3.9,4.1,3.7,3.4
Senegal,SEN,Africa,Sub-Saharan Africa,Low-income,15.4,0.7,1.9,3.2,8.0,49.4,77.2,1.2,7.6,11.9,2.7,25.0,53.8,0.4,3.9,8.3,14.6,63.1,85.0,2.3,9.7,13.1,2.3,2.9,2.8,2.8,2.4
Sierra Leone,SLE,Africa,Sub-Saharan Africa,Low-income,7.5,1.2,2.2,2.8,40.1,76.6,85.6,3.0,5.7,6.4,11.2,48.5,64.1,0.8,3.6,4.8,56.8,85.5,91.3,4.3,6.4,6.8,2.9,2.9,2.8,2.7,2.4
El Salvador,SLV,Americas,Latin America and the Caribbean,Lower-middle,6.4,1.5,5.9,4.7,2.7,54.7,41.1,0.2,3.5,2.6,0.5,28.4,17.9,0.0,1.8,1.1,8.5,76.8,65.0,0.5,4.9,4.2,6.9,4.6,5.2,3.9,3.9
Serbia,SRB,Europe,Southern Europe,Upper-middle,7.0,0.6,2.7,4.3,3.0,12.3,23.9,0.2,0.9,1.7,2.5,6.8,12.3,0.2,0.5,0.9,5.6,39.1,69.0,0.4,2.7,4.8,3.1,4.1,4.3,3.9,3.9
Sao Tome and Principe,STP,Africa,Sub-Saharan Africa,Lower-middle,0.2,0.9,2.5,3.2,18.6,71.8,81.3,0.0,0.1,0.2,7.6,46.7,60.4,0.0,0.1,0.1,37.0,86.3,90.5,0.1,0.2,0.2,3.3,3.5,3.5,3.3,3.2
Slovak Republic,SVK,Europe,Eastern Europe,High-income,5.4,0.4,2.1,3.3,0.5,1.3,2.3,0.0,0.1,0.1,0.5,0.7,1.3,0.0,0.0,0.1,0.9,13.0,40.3,0.0,0.7,2.2,2.4,3.4,3.6,3.3,3.3
Slovenia,SVN,Europe,Southern Europe,High-income,2.1,0.4,2.0,3.0,0.0,0.0,0.0,0.0,0,0,0.0,0.0,0.0,0.0,0.0,0,0.0,2.2,10.3,0.0,0,0.2,2.5,3.0,3.1,2.9,2.9
Sweden,SWE,Europe,Northern Europe,High-income,10.1,0.8,2.5,2.9,0.1,0.3,0.3,0.0,0,0,0.1,0.3,0.3,0.0,0.0,0,0.4,3.2,4.8,0.0,0.3,0.5,3,3.0,3.0,3.0,3.1
Eswatini,SWZ,Africa,Sub-Saharan Africa,Lower-middle,1.1,0.9,2.2,3.2,15.9,52.7,66.4,0.2,0.6,0.7,5.2,32.2,48.7,0.1,0.4,0.5,31.3,67.7,77.8,0.4,0.8,0.9,2.7,3.2,3.2,3.0,2.8
Seychelles,SYC,Africa,Sub-Saharan Africa,High-income,0.1,0.6,2.2,3.8,0.1,1.4,5.7,0.0,0,0,0.1,0.7,1.8,0.0,0.0,0,2.7,34.3,71.3,0.0,0,0.1,2.6,4.4,4.5,4.5,4.6
Chad,TCD,Africa,Sub-Saharan Africa,Low-income,15.0,0.7,1.8,3.2,17.4,57.6,83.2,2.6,8.6,12.5,7.0,33.6,64.9,1.0,5.0,9.8,25.1,68.9,89.4,3.8,10.3,13.4,2,3.1,3.0,2.9,2.7
Togo,TGO,Africa,Sub-Saharan Africa,Low-income,7.7,1.9,2.3,6.2,66.4,74.3,97.3,5.1,5.7,7.5,44.8,53.3,90.6,3.5,4.1,7,76.2,81.5,98.4,5.9,6.3,7.6,3.1,7.4,7.8,8.0,8.5
Thailand,THA,Asia,South-eastern Asia,Upper-middle,69.2,1.0,2.9,5.0,0.0,2.2,19.7,0.0,1.5,13.6,0.0,0.2,3.5,0.0,0.1,2.4,0.7,34.9,67.7,0.5,24.2,46.8,3.3,4.1,4.1,4.1,3.8
Tajikistan,TJK,Asia,Central Asia,Low-income,8.9,0.9,2.3,3.2,0.8,16.2,34.0,0.1,1.4,3,0.1,4.5,11.4,0.0,0.4,1,1.8,28.3,49.0,0.2,2.5,4.3,2.8,3.3,3.3,3.1,3.1
Trinidad and Tobago,TTO,Americas,Latin America and the Caribbean,High-income,1.4,1.0,3.1,4.1,0.2,3.5,7.3,0.0,0,0.1,0.1,0.8,1.9,0.0,0.0,0,8.2,53.0,67.6,0.1,0.7,0.9,3.6,4.0,4.1,3.9,3.8
Tunisia,TUN,Africa,Northern Africa,Lower-middle,11.4,0.6,1.9,3.4,0.0,1.6,13.3,0.0,0.2,1.5,0.0,0.1,2.9,0.0,0.0,0.3,0.0,7.0,34.8,0.0,0.8,4,2.4,3.6,3.5,3.4,3.5
Turkey,TUR,Asia,Western Asia,Upper-middle,81.1,0.7,2.4,3.4,0.0,2.0,6.7,0.0,1.6,5.4,0.0,0.3,1.3,0.0,0.2,1.1,0.5,19.3,37.0,0.4,15.6,30,2.8,3.6,3.8,3.1,3.0
Tanzania,TZA,Africa,Sub-Saharan Africa,Low-income,54.7,1.0,1.9,2.7,31.1,71.8,84.5,17.0,39.3,46.2,8.0,45.1,64.5,4.4,24.7,35.3,46.4,81.4,89.9,25.4,44.5,49.1,2.5,2.5,2.4,2.3,2.1
Uganda,UGA,Africa,Sub-Saharan Africa,Low-income,41.2,0.6,1.8,3.0,7.9,60.0,81.7,3.2,24.7,33.6,1.2,32.9,62.5,0.5,13.5,25.7,15.9,71.0,87.6,6.5,29.2,36,2.3,2.6,2.5,2.4,2.1
Uruguay,URY,Americas,Latin America and the Caribbean,High-income,3.4,0.7,2.1,3.0,0.0,0.3,1.3,0.0,0,0,0.0,0.1,0.2,0.0,0.0,0,1.3,25.4,41.5,0.0,0.9,1.4,2.5,3.5,3.7,3.4,3.6
United States,USA,Americas,Northern America,High-income,325.0,0.9,2.2,3.0,1.0,1.5,1.5,3.2,4.9,4.9,1.0,1.2,1.2,3.2,4.1,4.1,2.0,4.7,8.5,6.5,15.4,27.6,2.5,3.2,3.3,3.2,3.3
Vietnam,VNM,Asia,South-eastern Asia,Lower-middle,94.6,1.0,2.5,4.3,0.5,10.2,32.0,0.5,9.6,30.3,0.1,3.2,12.3,0.1,3.0,11.7,2.6,24.4,58.0,2.5,23.1,54.9,2.9,3.5,3.5,3.4,3.1
South Africa,ZAF,Africa,Sub-Saharan Africa,Upper-middle,57.0,1.3,3.4,4.3,18.1,54.1,61.1,10.3,30.8,34.8,7.2,37.0,45.7,4.1,21.1,26,47.7,75.7,80.2,27.2,43.1,45.7,4,4.6,4.5,4.7,4.9
Zambia,ZMB,Africa,Sub-Saharan Africa,Lower-middle,16.9,1.3,2.4,3.3,57.8,77.1,85.0,9.7,13,14.3,40.9,62.8,73.6,6.9,10.6,12.4,70.3,86.5,92.0,11.9,14.6,15.5,2.6,2.9,2.9,2.8,2.6
Zimbabwe,ZWE,Africa,Sub-Saharan Africa,Low-income,14.2,0.8,2.3,4.0,8.1,63.2,82.6,1.2,9,11.8,0.4,39.6,66.6,0.1,5.6,9.5,17.5,72.2,88.2,2.5,10.3,12.6,2.8,3.4,3.4,3.3,3.1
